SENSOR_ID,START,END
115,2003-05-01 16:14:24,2003-05-01 16:16:16
115,2003-05-01 16:17:10,2003-05-01 16:17:21
79,2003-05-01 16:17:45,2003-05-01 16:18:18
73,2003-05-01 16:17:50,2003-05-01 16:17:54
73,2003-05-01 16:18:09,2003-05-01 16:18:15
89,2003-05-01 16:18:22,2003-05-01 16:18:28
115,2003-05-01 16:19:40,2003-05-01 16:20:39
85,2003-05-01 16:21:51,2003-05-01 16:22:06
115,2003-05-01 16:24:27,2003-05-01 16:24:41
115,2003-05-01 16:27:18,2003-05-01 16:29:14
115,2003-05-01 16:36:48,2003-05-01 16:39:34
138,2003-05-01 16:40:23,2003-05-01 16:40:40
91,2003-05-01 16:41:44,2003-05-01 16:57:02
115,2003-05-01 16:44:22,2003-05-01 16:46:51
74,2003-05-01 16:46:43,2003-05-01 16:46:47
115,2003-05-01 16:47:48,2003-05-01 16:49:40
96,2003-05-01 16:49:53,2003-05-01 17:13:13
74,2003-05-01 16:52:05,2003-05-01 16:52:17
115,2003-05-01 16:55:31,2003-05-01 17:09:20
74,2003-05-01 16:58:42,2003-05-01 16:58:46
108,2003-05-01 17:09:37,2003-05-01 17:09:59
74,2003-05-01 17:20:44,2003-05-01 17:20:55
115,2003-05-01 17:20:55,2003-05-01 17:21:06
74,2003-05-01 17:22:28,2003-05-01 17:22:48
115,2003-05-01 17:22:49,2003-05-01 17:22:51
74,2003-05-01 17:26:11,2003-05-01 17:26:18
119,2003-05-01 17:35:12,2003-05-01 17:37:21
51,2003-05-01 17:36:36,2003-05-01 22:34:27
53,2003-05-01 11:03:13,2003-05-01 11:43:40
75,2003-05-01 11:03:17,2003-05-01 11:43:41
115,2003-05-01 11:05:39,2003-05-01 11:05:41
115,2003-05-01 11:07:17,2003-05-01 11:07:26
108,2003-05-01 11:08:10,2003-05-01 11:08:27
115,2003-05-01 11:08:41,2003-05-01 11:12:33
84,2003-05-01 11:12:29,2003-05-01 16:21:00
115,2003-05-01 11:13:24,2003-05-01 11:13:39
115,2003-05-01 11:16:35,2003-05-01 11:30:12
96,2003-05-01 11:30:09,2003-05-01 11:30:21
96,2003-05-01 11:31:28,2003-05-01 14:40:20
74,2003-05-01 11:36:00,2003-05-01 11:36:03
74,2003-05-01 11:36:10,2003-05-01 11:36:15
98,2003-05-01 11:41:46,2003-05-01 12:31:58
119,2003-05-01 11:43:42,2003-05-01 17:33:53
115,2003-05-01 09:59:56,2003-05-01 10:00:03
122,2003-05-01 10:00:49,2003-05-01 10:14:10
70,2003-05-01 10:03:13,2003-05-01 11:36:16
74,2003-05-01 19:27:46,2003-05-01 19:27:49
74,2003-05-01 19:32:23,2003-05-01 19:32:25
100,2003-05-01 19:34:03,2003-05-01 19:34:05
51,2003-05-01 17:36:36,2003-05-01 22:34:27
100,2003-05-01 17:41:16,2003-05-01 17:41:21
94,2003-05-01 17:41:38,2003-05-01 17:42:24
107,2003-05-01 09:46:27,2003-05-01 14:45:55
64,2003-05-01 09:46:53,2003-05-01 09:47:06
69,2003-05-01 09:51:19,2003-05-01 10:21:15
108,2003-05-01 09:54:58,2003-05-01 09:55:02
115,2003-05-01 09:55:07,2003-05-01 09:55:08
84,2003-05-01 09:57:36,2003-05-01 11:02:43
115,2003-05-01 09:59:56,2003-05-01 10:00:03
122,2003-05-01 10:00:49,2003-05-01 10:14:10
70,2003-05-01 10:03:13,2003-05-01 11:36:16
74,2003-05-01 05:52:02,2003-05-01 05:52:07
74,2003-05-01 05:52:55,2003-05-01 05:53:03
51,2003-05-01 05:53:05,2003-05-01 05:54:31
75,2003-05-01 05:55:15,2003-05-01 06:33:48
84,2003-05-01 05:56:49,2003-05-01 08:05:38
74,2003-05-01 05:56:55,2003-05-01 05:57:00
115,2003-05-01 05:58:26,2003-05-01 05:58:28
115,2003-05-01 05:59:17,2003-05-01 06:00:12
74,2003-05-01 06:00:38,2003-05-01 06:00:40
74,2003-05-01 06:05:54,2003-05-01 06:05:57
51,2003-05-01 06:06:00,2003-05-01 17:36:36
115,2003-05-01 06:06:06,2003-05-01 06:07:18
124,2003-05-01 06:06:44,2003-05-01 10:18:57
74,2003-05-01 06:07:11,2003-05-01 06:07:16
75,2003-05-01 07:37:09,2003-05-01 10:13:49
74,2003-05-01 07:37:40,2003-05-01 07:37:52
64,2003-05-01 07:39:40,2003-05-01 07:40:39
91,2003-05-01 07:40:08,2003-05-01 16:41:20
117,2003-05-01 07:40:13,2003-05-01 08:00:27
120,2003-05-01 07:40:17,2003-05-01 08:07:19
138,2003-05-01 07:40:21,2003-05-01 08:05:13
74,2003-05-01 07:40:40,2003-05-01 07:40:44
74,2003-05-01 07:49:52,2003-05-01 07:49:58
115,2003-05-01 07:50:35,2003-05-01 07:50:42
74,2003-05-01 07:51:36,2003-05-01 07:51:43
115,2003-05-01 07:54:09,2003-05-01 07:54:21
108,2003-05-01 07:57:53,2003-05-01 07:59:46
115,2003-05-01 07:59:35,2003-05-01 08:02:43
74,2003-05-01 08:04:36,2003-05-01 08:04:58
84,2003-05-01 08:05:39,2003-05-01 08:07:01
108,2003-05-01 08:06:24,2003-05-01 08:06:25
115,2003-05-01 08:06:42,2003-05-01 08:06:56
115,2003-05-01 08:06:57,2003-05-01 08:07:00
84,2003-05-01 08:07:01,2003-05-01 09:57:35
117,2003-05-01 08:07:19,2003-05-01 08:21:56
120,2003-05-01 08:07:22,2003-05-01 08:07:23
119,2003-05-01 08:07:24,2003-05-01 08:36:04
120,2003-05-01 08:07:24,2003-05-01 08:31:03
70,2003-05-01 08:07:46,2003-05-01 08:22:48
96,2003-05-01 08:09:28,2003-05-01 08:25:03
74,2003-05-01 08:12:04,2003-05-01 08:12:20
97,2003-05-01 08:12:15,2003-05-01 09:00:01
70,2003-05-01 08:23:02,2003-05-01 10:03:08
64,2003-05-01 08:24:31,2003-05-01 08:24:35
108,2003-05-01 08:24:37,2003-05-01 08:24:40
96,2003-05-01 08:25:34,2003-05-01 08:25:38
96,2003-05-01 08:25:42,2003-05-01 08:25:46
96,2003-05-01 08:25:47,2003-05-01 08:25:50
96,2003-05-01 08:25:52,2003-05-01 08:25:55
96,2003-05-01 08:25:56,2003-05-01 08:26:00
96,2003-05-01 08:26:02,2003-05-01 08:26:11
96,2003-05-02 05:41:09,2003-05-02 06:19:31
51,2003-05-02 05:47:41,2003-05-02 07:32:20
74,2003-05-02 05:50:56,2003-05-02 05:51:01
74,2003-05-02 05:57:31,2003-05-02 05:57:44
115,2003-05-02 05:58:53,2003-05-02 05:58:59
115,2003-05-02 06:00:33,2003-05-02 06:20:23
96,2003-05-02 06:20:11,2003-05-02 07:32:58
53,2003-05-02 06:20:18,2003-05-02 09:06:24
115,2003-05-02 07:38:17,2003-05-02 07:38:18
107,2003-05-02 07:48:47,2003-05-02 12:32:26
122,2003-05-02 08:42:37,2003-05-02 17:24:34
96,2003-05-02 09:13:22,2003-05-02 09:29:26
115,2003-05-02 09:28:30,2003-05-02 10:04:56
96,2003-05-02 09:29:35,2003-05-02 10:00:54
108,2003-05-02 09:59:29,2003-05-02 10:00:30
96,2003-05-02 10:01:02,2003-05-02 10:01:11
96,2003-05-02 10:01:14,2003-05-02 10:01:19
96,2003-05-02 10:01:21,2003-05-02 10:02:44
64,2003-05-02 10:03:02,2003-05-02 10:03:08
84,2003-05-02 10:29:36,2003-05-02 16:38:39
100,2003-05-02 10:37:07,2003-05-02 10:37:30
53,2003-05-02 10:56:30,2003-05-02 11:00:12
96,2003-05-02 11:00:19,2003-05-02 11:57:10
57,2003-05-02 11:04:24,2003-05-02 11:04:25
57,2003-05-02 11:04:32,2003-05-02 11:04:33
57,2003-05-02 11:04:34,2003-05-02 11:04:40
57,2003-05-02 11:05:59,2003-05-02 13:18:08
53,2003-05-02 11:11:33,2003-05-02 11:12:36
53,2003-05-02 11:13:47,2003-05-02 11:16:00
96,2003-05-02 16:34:11,2003-05-02 16:42:24
96,2003-05-02 16:42:39,2003-05-02 16:47:45
98,2003-05-02 17:28:02,2003-05-02 17:36:23
74,2003-05-02 18:09:34,2003-05-02 18:09:41
54,2003-05-02 18:11:19,2003-05-02 18:11:32
108,2003-05-02 18:11:54,2003-05-02 18:11:56
51,2003-05-02 18:12:21,2003-05-02 18:12:26
74,2003-05-02 17:38:55,2003-05-02 17:39:03
66,2003-05-02 17:39:05,2003-05-02 18:09:39
54,2003-05-02 12:55:56,2003-05-02 12:56:10
115,2003-05-02 12:59:21,2003-05-02 14:02:28
85,2003-05-02 12:59:58,2003-05-02 13:00:04
70,2003-05-02 13:05:46,2003-05-02 13:05:52
64,2003-05-02 08:52:49,2003-05-02 08:52:56
91,2003-05-02 08:53:21,2003-05-02 08:56:18
109,2003-05-02 08:53:31,2003-05-02 20:25:41
119,2003-05-02 08:54:37,2003-05-02 09:16:45
91,2003-05-02 08:56:19,2003-05-02 08:56:26
91,2003-05-02 08:56:27,2003-05-02 16:34:32
74,2003-05-02 08:57:42,2003-05-02 08:57:52
115,2003-05-02 08:59:20,2003-05-02 08:59:32
74,2003-05-02 08:59:59,2003-05-02 09:00:04
74,2003-05-02 09:00:25,2003-05-02 09:00:30
115,2003-05-02 09:00:30,2003-05-02 09:07:15
78,2003-05-03 11:15:31,2003-05-03 11:15:33
78,2003-05-03 11:16:19,2003-05-03 19:29:40
137,2003-05-03 11:17:39,2003-05-03 11:20:59
137,2003-05-03 11:21:29,2003-05-03 11:21:33
137,2003-05-03 11:21:45,2003-05-03 11:21:50
137,2003-05-03 11:21:57,2003-05-03 11:22:00
137,2003-05-03 11:22:02,2003-05-03 11:22:16
137,2003-05-03 11:22:20,2003-05-03 11:22:28
137,2003-05-03 11:23:00,2003-05-03 12:34:50
75,2003-05-03 04:30:23,2003-05-03 04:33:39
51,2003-05-03 04:30:34,2003-05-03 19:41:00
91,2003-05-03 04:31:29,2003-05-03 04:55:53
96,2003-05-03 04:31:33,2003-05-03 06:11:38
119,2003-05-03 04:32:10,2003-05-03 20:30:34
74,2003-05-03 04:32:40,2003-05-03 04:32:47
54,2003-05-03 05:36:36,2003-05-03 05:36:38
74,2003-05-03 05:37:23,2003-05-03 05:37:50
75,2003-05-03 05:37:55,2003-05-03 05:40:31
74,2003-05-03 05:38:08,2003-05-03 05:38:24
108,2003-05-03 05:38:27,2003-05-03 05:38:33
84,2003-05-03 05:39:54,2003-05-03 06:11:57
108,2003-05-03 05:40:20,2003-05-03 06:15:37
53,2003-05-03 05:40:30,2003-05-03 10:48:03
84,2003-05-03 06:11:58,2003-05-03 10:20:31
96,2003-05-03 06:12:47,2003-05-03 19:41:25
78,2003-05-03 08:16:54,2003-05-03 10:35:22
128,2003-05-03 08:19:05,2003-05-03 08:19:41
112,2003-05-03 08:21:13,2003-05-03 08:21:14
85,2003-05-03 14:45:01,2003-05-03 14:45:20
122,2003-05-03 14:47:25,2003-05-03 14:56:27
98,2003-05-03 14:57:18,2003-05-03 18:11:28
122,2003-05-03 15:27:28,2003-05-03 15:27:33
71,2003-05-03 15:43:31,2003-05-03 15:43:47
122,2003-05-03 16:15:45,2003-05-03 16:15:56
122,2003-05-03 16:48:41,2003-05-03 16:48:48
137,2003-05-03 17:09:15,2003-05-03 17:10:54
122,2003-05-03 17:19:57,2003-05-03 17:23:38
122,2003-05-03 18:00:00,2003-05-03 18:00:05
71,2003-05-03 18:25:24,2003-05-03 18:26:06
108,2003-05-03 18:26:54,2003-05-03 18:26:58
74,2003-05-03 18:27:02,2003-05-03 18:27:19
115,2003-05-03 18:27:19,2003-05-03 18:27:33
108,2003-05-03 18:27:45,2003-05-03 18:27:47
115,2003-05-03 18:31:10,2003-05-03 18:31:25
74,2003-05-03 18:31:26,2003-05-03 18:31:34
122,2003-05-03 18:39:56,2003-05-03 18:40:06
54,2003-05-03 19:41:28,2003-05-03 19:41:42
96,2003-05-03 19:42:07,2003-05-03 19:42:52
96,2003-05-03 19:42:58,2003-05-03 19:43:11
96,2003-05-03 19:43:13,2003-05-03 20:03:29
64,2003-05-03 19:43:34,2003-05-03 19:43:40
53,2003-05-03 19:44:08,2003-05-03 19:46:04
73,2003-05-03 19:44:42,2003-05-03 19:44:49
79,2003-05-03 19:44:43,2003-05-03 19:44:44
79,2003-05-03 19:44:48,2003-05-03 19:44:49
142,2003-05-03 19:45:12,2003-05-03 19:45:25
74,2003-05-03 19:49:39,2003-05-03 19:49:50
74,2003-05-03 19:50:03,2003-05-03 19:50:08
51,2003-05-03 19:55:15,2003-05-03 19:55:22
71,2003-05-03 18:25:24,2003-05-03 18:26:06
108,2003-05-03 18:26:54,2003-05-03 18:26:58
74,2003-05-03 18:27:02,2003-05-03 18:27:19
115,2003-05-03 18:27:19,2003-05-03 18:27:33
108,2003-05-03 18:27:45,2003-05-03 18:27:47
115,2003-05-03 18:31:10,2003-05-03 18:31:25
74,2003-05-03 18:31:26,2003-05-03 18:31:34
53,2003-05-03 12:04:41,2003-05-03 12:04:43
53,2003-05-03 12:04:46,2003-05-03 12:07:38
53,2003-05-03 12:07:59,2003-05-03 12:08:03
53,2003-05-03 12:08:09,2003-05-03 12:11:04
53,2003-05-03 12:16:30,2003-05-03 12:18:50
53,2003-05-03 12:24:44,2003-05-03 12:27:05
53,2003-05-03 12:29:31,2003-05-03 12:31:59
53,2003-05-03 12:32:05,2003-05-03 12:34:35
53,2003-05-03 12:37:00,2003-05-03 12:39:29
135,2003-05-03 12:37:04,2003-05-03 12:37:33
85,2003-05-03 12:44:37,2003-05-03 12:45:47
94,2003-05-03 23:07:18,2003-05-03 23:08:09
74,2003-05-03 09:37:43,2003-05-03 09:37:48
115,2003-05-03 09:37:49,2003-05-03 09:37:54
115,2003-05-03 09:46:44,2003-05-03 09:46:48
115,2003-05-03 09:49:39,2003-05-03 09:49:40
74,2003-05-03 10:18:28,2003-05-03 10:18:34
115,2003-05-03 10:19:12,2003-05-03 10:19:20
84,2003-05-03 10:20:33,2003-05-03 20:03:19
69,2003-05-03 10:21:20,2003-05-03 19:50:45
108,2003-05-03 10:32:19,2003-05-03 10:32:24
74,2003-05-03 10:32:34,2003-05-03 10:32:43
115,2003-05-03 10:32:47,2003-05-03 10:32:52
115,2003-05-03 10:35:52,2003-05-03 10:35:53
54,2003-05-03 10:36:18,2003-05-03 10:36:38
78,2003-05-03 10:41:46,2003-05-03 10:41:51
94,2003-05-03 10:42:32,2003-05-03 10:43:23
127,2003-05-03 10:44:35,2003-05-03 10:44:45
100,2003-05-03 10:45:06,2003-05-03 10:45:07
71,2003-05-03 15:43:31,2003-05-03 15:43:47
122,2003-05-03 16:15:45,2003-05-03 16:15:56
122,2003-05-03 16:48:41,2003-05-03 16:48:48
137,2003-05-03 17:09:15,2003-05-03 17:10:54
122,2003-05-03 17:19:57,2003-05-03 17:23:38
74,2003-05-04 11:24:54,2003-05-04 11:25:00
64,2003-05-04 11:25:12,2003-05-04 11:25:15
53,2003-05-04 11:26:15,2003-05-04 11:38:26
74,2003-05-04 11:27:46,2003-05-04 11:28:09
115,2003-05-04 11:28:20,2003-05-04 11:28:25
74,2003-05-04 11:28:34,2003-05-04 11:28:38
115,2003-05-04 11:29:07,2003-05-04 11:29:15
115,2003-05-04 11:29:21,2003-05-04 11:33:15
74,2003-05-04 11:29:25,2003-05-04 11:29:56
74,2003-05-04 11:32:39,2003-05-04 11:32:47
108,2003-05-04 11:34:19,2003-05-04 11:34:22
115,2003-05-04 11:34:27,2003-05-04 11:52:34
108,2003-05-04 11:37:29,2003-05-04 11:51:50
74,2003-05-04 11:50:24,2003-05-04 11:50:31
96,2003-05-04 11:50:40,2003-05-04 12:15:47
74,2003-05-04 11:52:23,2003-05-04 11:52:29
74,2003-05-04 11:53:06,2003-05-04 11:53:10
115,2003-05-04 11:53:11,2003-05-04 11:53:15
74,2003-05-04 11:53:48,2003-05-04 11:53:53
74,2003-05-04 11:53:56,2003-05-04 11:54:00
108,2003-05-04 11:56:05,2003-05-04 12:15:38
53,2003-05-04 12:07:22,2003-05-04 12:10:40
74,2003-05-04 12:15:23,2003-05-04 12:15:28
96,2003-05-04 12:16:30,2003-05-04 13:40:37
85,2003-05-04 15:58:26,2003-05-04 15:58:37
112,2003-05-04 14:42:21,2003-05-04 14:42:22
111,2003-05-04 14:47:56,2003-05-04 14:48:16
96,2003-05-04 08:12:44,2003-05-04 11:50:17
115,2003-05-04 08:13:22,2003-05-04 08:13:35
115,2003-05-04 08:13:38,2003-05-04 11:27:18
84,2003-05-04 07:41:48,2003-05-04 10:27:24
115,2003-05-04 07:41:50,2003-05-04 08:11:27
96,2003-05-04 07:42:06,2003-05-04 08:12:13
94,2003-05-04 07:42:36,2003-05-04 07:43:15
127,2003-05-04 07:43:17,2003-05-04 07:43:36
96,2003-05-04 22:09:07,2003-05-04 22:09:20
111,2003-05-04 22:09:21,2003-05-04 22:09:27
74,2003-05-04 22:09:32,2003-05-04 22:09:35
106,2003-05-04 22:10:47,2003-05-04 22:12:31
128,2003-05-04 22:13:10,2003-05-04 22:13:15
74,2003-05-04 22:15:58,2003-05-04 22:16:02
96,2003-05-04 13:40:41,2003-05-04 13:41:07
96,2003-05-04 13:41:17,2003-05-04 22:09:06
74,2003-05-04 07:27:14,2003-05-04 07:27:37
108,2003-05-04 07:27:41,2003-05-04 07:27:53
84,2003-05-04 07:28:56,2003-05-04 07:41:47
115,2003-05-04 07:31:02,2003-05-04 07:31:12
108,2003-05-04 07:31:30,2003-05-04 07:31:37
54,2003-04-19 10:43:48,2003-04-19 10:46:10
84,2003-04-19 10:58:12,2003-04-19 13:43:15
96,2003-04-19 10:58:28,2003-04-19 10:58:44
91,2003-04-19 10:59:27,2003-04-19 10:59:31
70,2003-04-19 10:59:56,2003-04-19 11:00:31
74,2003-04-19 11:00:32,2003-04-19 11:00:48
115,2003-04-19 11:00:55,2003-04-19 11:01:04
122,2003-04-19 09:34:52,2003-04-19 09:34:56
122,2003-04-19 10:01:20,2003-04-19 10:30:09
119,2003-04-19 10:08:30,2003-04-19 15:14:48
122,2003-04-19 10:36:01,2003-04-19 11:02:20
107,2003-04-19 10:37:17,2003-04-19 13:15:03
85,2003-04-19 10:39:33,2003-04-19 10:43:03
54,2003-04-19 10:43:48,2003-04-19 10:46:10
84,2003-04-19 10:58:12,2003-04-19 13:43:15
96,2003-04-19 10:58:28,2003-04-19 10:58:44
91,2003-04-19 10:59:27,2003-04-19 10:59:31
70,2003-04-19 10:59:56,2003-04-19 11:00:31
74,2003-04-19 11:00:32,2003-04-19 11:00:48
115,2003-04-19 11:00:55,2003-04-19 11:01:04
122,2003-04-19 11:39:49,2003-04-19 11:39:56
85,2003-04-19 16:28:50,2003-04-19 16:52:31
137,2003-04-19 16:49:44,2003-04-19 20:54:26
137,2003-04-19 05:30:15,2003-04-19 05:33:34
137,2003-04-19 05:37:49,2003-04-19 05:40:50
98,2003-04-19 05:40:38,2003-04-19 07:56:09
141,2003-04-19 05:41:17,2003-04-19 05:41:21
141,2003-04-19 05:41:25,2003-04-19 05:41:28
137,2003-04-19 05:42:32,2003-04-19 05:44:36
141,2003-04-19 05:43:12,2003-04-19 05:43:15
141,2003-04-19 05:43:21,2003-04-19 05:43:24
141,2003-04-19 05:43:48,2003-04-19 05:43:49
141,2003-04-19 05:43:50,2003-04-19 05:43:51
141,2003-04-19 05:43:58,2003-04-19 05:44:00
141,2003-04-19 05:44:01,2003-04-19 05:44:02
141,2003-04-19 05:44:15,2003-04-19 05:44:17
141,2003-04-19 05:44:23,2003-04-19 05:44:25
110,2003-04-19 05:45:08,2003-04-19 06:24:10
137,2003-04-19 05:45:37,2003-04-19 05:47:37
137,2003-04-19 05:47:43,2003-04-19 05:50:48
112,2003-04-19 05:48:23,2003-04-19 07:43:26
109,2003-04-19 05:48:34,2003-04-19 18:02:56
106,2003-04-19 05:50:38,2003-04-19 05:56:47
137,2003-04-19 05:51:53,2003-04-19 05:52:07
137,2003-04-19 05:52:12,2003-04-19 05:52:15
137,2003-04-19 05:52:15,2003-04-19 07:12:51
51,2003-04-19 06:14:56,2003-04-19 06:14:57
51,2003-04-19 06:14:58,2003-04-19 06:15:04
101,2003-04-19 06:20:10,2003-04-19 06:20:15
101,2003-04-19 06:20:19,2003-04-19 06:20:24
101,2003-04-19 06:20:38,2003-04-19 06:20:42
101,2003-04-19 06:20:46,2003-04-19 06:20:51
101,2003-04-19 06:21:00,2003-04-19 06:21:10
101,2003-04-19 06:21:16,2003-04-19 06:21:19
101,2003-04-19 06:21:24,2003-04-19 06:39:57
141,2003-04-19 06:24:22,2003-04-19 06:24:31
51,2003-04-19 06:28:45,2003-04-19 06:28:49
107,2003-04-19 06:34:37,2003-04-19 10:36:56
106,2003-04-19 06:35:07,2003-04-19 09:34:19
101,2003-04-19 06:40:03,2003-04-19 06:40:06
101,2003-04-19 06:40:12,2003-04-19 06:40:15
101,2003-04-19 06:40:33,2003-04-19 06:40:36
101,2003-04-19 06:40:41,2003-04-19 06:40:48
101,2003-04-19 06:40:53,2003-04-19 06:40:56
101,2003-04-19 06:41:01,2003-04-19 06:41:05
101,2003-04-19 06:41:10,2003-04-19 06:41:15
101,2003-04-19 06:41:20,2003-04-19 06:41:24
101,2003-04-19 06:41:29,2003-04-19 06:41:36
101,2003-04-19 06:41:37,2003-04-19 06:41:39
101,2003-04-19 06:41:40,2003-04-19 20:33:07
75,2003-04-19 07:04:50,2003-04-19 07:05:28
115,2003-04-19 07:05:07,2003-04-19 07:05:22
53,2003-04-19 07:05:28,2003-04-19 18:03:31
119,2003-04-19 07:05:29,2003-04-19 09:32:40
137,2003-04-19 07:13:09,2003-04-19 07:18:40
137,2003-04-19 07:33:24,2003-04-19 07:33:27
137,2003-04-19 07:33:30,2003-04-19 08:47:59
141,2003-04-19 07:39:56,2003-04-19 07:40:01
141,2003-04-19 07:40:40,2003-04-19 07:40:43
112,2003-04-19 07:43:27,2003-04-19 14:49:38
141,2003-04-19 07:56:34,2003-04-19 07:56:36
141,2003-04-19 07:56:38,2003-04-19 07:57:38
98,2003-04-19 07:58:24,2003-04-19 19:44:11
115,2003-04-19 08:02:24,2003-04-19 08:02:40
137,2003-04-19 03:09:01,2003-04-19 03:09:46
141,2003-04-19 15:53:30,2003-04-19 15:56:02
141,2003-04-19 15:56:04,2003-04-19 15:56:08
141,2003-04-19 16:02:10,2003-04-19 20:09:33
75,2003-04-19 20:59:02,2003-04-19 21:29:11
106,2003-04-19 20:59:45,2003-04-19 21:00:07
106,2003-04-19 21:00:08,2003-04-19 21:00:09
51,2003-04-19 21:01:02,2003-04-19 21:01:07
51,2003-04-19 21:01:57,2003-04-19 21:02:06
91,2003-04-19 21:02:21,2003-04-19 21:02:26
114,2003-04-19 21:03:29,2003-04-19 21:03:39
84,2003-04-19 21:03:58,2003-04-19 21:28:10
74,2003-04-19 21:08:57,2003-04-19 21:09:16
74,2003-04-19 21:12:34,2003-04-19 21:12:38
74,2003-04-19 21:19:13,2003-04-19 21:19:16
74,2003-04-19 21:27:00,2003-04-19 21:27:02
79,2003-04-19 21:28:35,2003-04-19 21:28:36
115,2003-04-19 21:34:28,2003-04-19 21:34:31
91,2003-04-19 21:35:12,2003-04-19 21:35:29
115,2003-04-19 21:36:11,2003-04-19 21:36:14
122,2003-04-19 09:34:52,2003-04-19 09:34:56
85,2003-04-19 20:08:33,2003-04-19 20:08:41
107,2003-04-19 20:11:33,2003-04-19 20:15:42
107,2003-04-19 20:15:54,2003-04-19 20:17:38
107,2003-04-19 20:17:47,2003-04-19 20:18:06
96,2003-04-19 08:19:15,2003-04-19 08:20:11
64,2003-04-19 08:19:55,2003-04-19 08:20:10
51,2003-04-19 08:20:16,2003-04-19 20:59:33
96,2003-04-19 08:21:10,2003-04-19 08:21:16
96,2003-04-19 08:21:55,2003-04-19 08:21:58
96,2003-04-19 08:22:10,2003-04-19 08:22:12
108,2003-04-19 14:32:35,2003-04-19 14:32:43
108,2003-04-19 14:34:31,2003-04-19 14:34:34
114,2003-04-19 14:34:39,2003-04-19 14:34:41
115,2003-04-19 13:03:43,2003-04-19 13:03:50
85,2003-04-19 13:10:39,2003-04-19 13:10:52
74,2003-04-19 13:12:16,2003-04-19 13:12:25
74,2003-04-19 13:13:38,2003-04-19 13:14:38
85,2003-04-19 13:15:21,2003-04-19 13:15:35
115,2003-04-19 13:25:33,2003-04-19 13:26:43
96,2003-04-19 13:26:18,2003-04-19 13:26:25
108,2003-04-19 13:28:18,2003-04-19 13:41:24
107,2003-04-19 18:49:49,2003-04-19 19:39:13
99,2003-04-19 19:39:09,2003-04-19 20:11:42
85,2003-04-19 19:39:14,2003-04-19 19:39:19
85,2003-04-19 20:08:33,2003-04-19 20:08:41
107,2003-04-19 20:11:33,2003-04-19 20:15:42
107,2003-04-19 20:15:54,2003-04-19 20:17:38
107,2003-04-19 20:17:47,2003-04-19 20:18:06
74,2003-04-19 17:29:17,2003-04-19 17:29:57
66,2003-04-19 17:29:35,2003-04-19 17:29:38
75,2003-04-19 17:30:01,2003-04-19 18:03:31
115,2003-04-19 17:31:00,2003-04-19 17:31:07
96,2003-04-19 17:31:33,2003-04-19 17:31:34
74,2003-04-19 17:31:47,2003-04-19 17:32:07
115,2003-04-19 17:32:16,2003-04-19 17:32:27
115,2003-04-19 17:32:33,2003-04-19 17:34:26
96,2003-04-19 17:32:54,2003-04-19 17:32:57
114,2003-04-19 17:33:27,2003-04-19 17:33:36
70,2003-04-19 17:33:41,2003-04-19 17:33:50
115,2003-04-19 17:36:06,2003-04-19 17:36:13
77,2003-04-19 17:45:44,2003-04-19 17:46:06
74,2003-04-19 17:47:42,2003-04-19 17:48:07
74,2003-04-19 17:57:42,2003-04-19 17:57:54
96,2003-04-19 17:58:15,2003-04-19 17:58:57
114,2003-04-19 17:59:40,2003-04-19 17:59:43
79,2003-04-19 17:59:55,2003-04-19 17:59:57
73,2003-04-19 17:59:56,2003-04-19 18:00:06
79,2003-04-19 18:00:05,2003-04-19 18:00:06
75,2003-04-19 07:04:50,2003-04-19 07:05:28
115,2003-04-19 07:05:07,2003-04-19 07:05:22
53,2003-04-19 07:05:28,2003-04-19 18:03:31
119,2003-04-19 07:05:29,2003-04-19 09:32:40
137,2003-04-19 07:13:09,2003-04-19 07:18:40
75,2003-04-19 04:58:23,2003-04-19 05:04:37
115,2003-04-19 04:58:29,2003-04-19 04:58:32
74,2003-04-19 04:58:43,2003-04-19 04:58:50
114,2003-04-19 05:01:05,2003-04-19 05:01:23
74,2003-04-19 05:01:49,2003-04-19 05:01:53
114,2003-04-19 05:02:05,2003-04-19 05:02:07
84,2003-04-19 05:02:24,2003-04-19 05:22:02
115,2003-04-19 05:02:35,2003-04-19 05:02:41
109,2003-04-19 05:04:08,2003-04-19 05:47:07
115,2003-04-19 05:04:20,2003-04-19 05:04:28
53,2003-04-19 05:04:37,2003-04-19 05:18:35
75,2003-04-19 05:17:18,2003-04-19 05:23:06
116,2003-04-19 05:17:55,2003-04-19 05:41:45
74,2003-04-19 05:18:08,2003-04-19 05:18:13
142,2003-04-19 05:18:39,2003-04-19 05:18:45
137,2003-04-19 05:19:33,2003-04-19 05:21:37
138,2003-04-19 05:21:01,2003-04-19 05:57:47
53,2003-04-19 05:21:39,2003-04-19 05:23:06
74,2003-04-19 05:21:55,2003-04-19 05:22:00
84,2003-04-19 05:22:03,2003-04-19 10:58:11
115,2003-04-19 05:22:36,2003-04-19 05:22:43
137,2003-04-19 05:22:45,2003-04-19 05:23:19
137,2003-04-19 05:24:52,2003-04-19 05:26:21
137,2003-04-19 05:30:15,2003-04-19 05:33:34
137,2003-04-19 05:37:49,2003-04-19 05:40:50
98,2003-04-19 05:40:38,2003-04-19 07:56:09
141,2003-04-19 05:41:17,2003-04-19 05:41:21
141,2003-04-19 05:41:25,2003-04-19 05:41:28
137,2003-04-19 05:42:32,2003-04-19 05:44:36
141,2003-04-19 05:43:12,2003-04-19 05:43:15
141,2003-04-19 05:43:21,2003-04-19 05:43:24
141,2003-04-19 05:43:48,2003-04-19 05:43:49
141,2003-04-19 05:43:50,2003-04-19 05:43:51
141,2003-04-19 05:43:58,2003-04-19 05:44:00
141,2003-04-19 05:44:01,2003-04-19 05:44:02
141,2003-04-19 05:44:15,2003-04-19 05:44:17
141,2003-04-19 05:44:23,2003-04-19 05:44:25
110,2003-04-19 05:45:08,2003-04-19 06:24:10
137,2003-04-19 05:45:37,2003-04-19 05:47:37
137,2003-04-19 05:47:43,2003-04-19 05:50:48
112,2003-04-19 05:48:23,2003-04-19 07:43:26
109,2003-04-19 05:48:34,2003-04-19 18:02:56
106,2003-04-19 05:50:38,2003-04-19 05:56:47
137,2003-04-19 05:51:53,2003-04-19 05:52:07
137,2003-04-19 05:52:12,2003-04-19 05:52:15
137,2003-04-19 05:52:15,2003-04-19 07:12:51
74,2003-04-19 13:40:11,2003-04-19 13:41:00
96,2003-04-19 13:42:04,2003-04-19 13:42:12
70,2003-04-19 13:42:39,2003-04-19 13:42:59
84,2003-04-19 13:43:16,2003-04-19 21:03:58
115,2003-04-19 13:43:28,2003-04-19 13:43:32
96,2003-04-19 13:44:15,2003-04-19 13:44:43
96,2003-04-19 13:44:56,2003-04-19 13:45:02
108,2003-04-19 13:45:19,2003-04-19 13:46:31
115,2003-04-19 13:46:37,2003-04-19 13:47:11
108,2003-04-19 13:48:17,2003-04-19 13:48:35
108,2003-04-19 13:49:57,2003-04-19 13:50:10
108,2003-04-19 13:52:00,2003-04-19 13:52:11
108,2003-04-19 13:53:20,2003-04-19 13:54:02
108,2003-04-19 13:55:51,2003-04-19 13:56:06
108,2003-04-19 13:57:25,2003-04-19 14:00:14
114,2003-04-19 13:58:26,2003-04-19 14:00:34
96,2003-04-19 14:00:57,2003-04-19 14:01:01
108,2003-04-19 14:01:44,2003-04-19 14:02:44
115,2003-04-19 14:04:55,2003-04-19 14:04:58
115,2003-04-19 14:06:54,2003-04-19 14:07:04
98,2003-04-20 05:39:55,2003-04-20 07:30:54
137,2003-04-20 05:46:31,2003-04-20 05:48:24
137,2003-04-20 05:48:25,2003-04-20 09:28:57
119,2003-04-20 07:25:25,2003-04-20 07:36:36
98,2003-04-20 07:32:57,2003-04-20 07:42:32
141,2003-04-20 07:33:29,2003-04-20 07:33:37
119,2003-04-20 07:37:36,2003-04-20 19:09:22
126,2003-04-20 07:42:35,2003-04-20 12:01:05
141,2003-04-20 07:44:38,2003-04-20 07:44:40
141,2003-04-20 07:44:49,2003-04-20 13:53:55
72,2003-04-20 20:39:19,2003-04-20 20:39:22
128,2003-04-20 20:42:56,2003-04-20 20:43:02
51,2003-04-20 20:47:46,2003-04-20 20:47:51
128,2003-04-20 19:23:39,2003-04-20 19:23:42
106,2003-04-20 19:23:57,2003-04-20 19:26:08
75,2003-04-20 19:26:36,2003-04-20 19:39:02
51,2003-04-20 19:26:53,2003-04-20 19:39:59
74,2003-04-20 19:26:54,2003-04-20 19:26:58
53,2003-04-20 19:27:43,2003-04-20 19:39:02
140,2003-04-20 19:27:50,2003-04-20 19:29:45
132,2003-04-20 19:31:56,2003-04-20 19:33:04
91,2003-04-20 17:36:45,2003-04-20 17:37:21
84,2003-04-20 17:37:43,2003-04-20 17:37:44
132,2003-04-20 17:37:46,2003-04-20 17:40:35
84,2003-04-20 17:37:46,2003-04-20 17:39:34
51,2003-04-20 17:37:51,2003-04-20 17:41:38
140,2003-04-20 17:38:16,2003-04-20 17:38:37
96,2003-04-20 17:38:44,2003-04-20 17:38:50
96,2003-04-20 17:38:51,2003-04-20 17:39:05
91,2003-04-20 17:38:52,2003-04-20 17:39:06
91,2003-04-20 17:39:09,2003-04-20 17:40:27
79,2003-04-20 17:39:11,2003-04-20 17:39:24
96,2003-04-20 17:39:32,2003-04-20 17:40:16
74,2003-04-20 17:39:59,2003-04-20 17:40:03
91,2003-04-20 17:40:34,2003-04-20 17:40:37
96,2003-04-20 17:40:47,2003-04-20 17:40:51
51,2003-04-20 17:41:39,2003-04-20 19:09:53
91,2003-04-20 17:41:46,2003-04-20 18:26:42
96,2003-04-20 17:42:02,2003-04-20 17:42:05
74,2003-04-20 17:44:24,2003-04-20 17:44:28
140,2003-04-20 17:48:05,2003-04-20 17:48:10
140,2003-04-20 17:48:41,2003-04-20 17:48:55
74,2003-04-20 13:46:25,2003-04-20 13:46:36
66,2003-04-20 13:46:34,2003-04-20 13:47:31
74,2003-04-20 13:46:46,2003-04-20 13:46:53
74,2003-04-20 13:47:00,2003-04-20 13:47:20
74,2003-04-20 13:47:25,2003-04-20 13:48:35
85,2003-04-20 14:24:06,2003-04-20 14:24:10
140,2003-04-20 14:24:52,2003-04-20 14:25:03
61,2003-04-20 14:24:53,2003-04-20 14:25:02
85,2003-04-20 14:26:16,2003-04-20 14:26:30
141,2003-04-20 14:49:31,2003-04-20 14:49:34
141,2003-04-20 14:49:38,2003-04-20 14:49:40
141,2003-04-20 14:49:42,2003-04-20 15:38:57
107,2003-04-20 15:00:35,2003-04-20 19:33:54
141,2003-04-20 15:39:05,2003-04-20 15:39:08
141,2003-04-20 15:39:08,2003-04-20 15:39:11
60,2003-04-20 15:42:16,2003-04-20 15:42:46
85,2003-04-20 15:44:09,2003-04-20 15:44:18
74,2003-04-20 10:52:31,2003-04-20 10:52:43
96,2003-04-20 10:56:16,2003-04-20 12:17:04
137,2003-04-20 10:58:25,2003-04-20 12:44:20
137,2003-04-20 12:44:33,2003-04-20 16:35:39
109,2003-04-20 04:41:39,2003-04-20 05:17:14
75,2003-04-20 04:41:46,2003-04-20 04:54:17
53,2003-04-20 04:42:35,2003-04-20 04:46:04
142,2003-04-20 04:42:39,2003-04-20 04:42:48
84,2003-04-20 04:46:27,2003-04-20 04:47:24
51,2003-04-20 04:47:22,2003-04-20 09:01:32
84,2003-04-20 04:47:25,2003-04-20 09:18:11
115,2003-04-20 04:47:48,2003-04-20 04:47:57
115,2003-04-20 04:50:09,2003-04-20 04:50:33
53,2003-04-20 04:54:18,2003-04-20 09:40:14
137,2003-04-20 05:15:32,2003-04-20 05:43:07
94,2003-04-20 05:18:29,2003-04-20 05:18:49
109,2003-04-20 05:19:25,2003-04-20 19:18:50
130,2003-04-20 09:32:28,2003-04-20 09:36:10
60,2003-04-20 09:34:48,2003-04-20 09:34:52
51,2003-04-20 09:37:00,2003-04-20 09:37:05
74,2003-04-20 09:37:19,2003-04-20 09:37:43
60,2003-04-20 09:38:00,2003-04-20 09:41:37
84,2003-04-20 09:38:46,2003-04-20 09:40:18
51,2003-04-20 09:39:14,2003-04-20 09:40:20
84,2003-04-20 09:40:20,2003-04-20 09:42:45
84,2003-04-20 09:42:46,2003-04-20 09:44:21
51,2003-04-20 09:42:57,2003-04-20 09:43:04
84,2003-04-20 09:44:25,2003-04-20 09:50:12
128,2003-04-20 09:23:48,2003-04-20 09:24:22
78,2003-04-20 09:25:27,2003-04-20 09:25:59
78,2003-04-20 09:26:00,2003-04-20 09:26:12
78,2003-04-20 09:26:13,2003-04-20 09:27:58
51,2003-04-20 09:45:27,2003-04-20 09:45:35
51,2003-04-20 09:46:02,2003-04-20 09:46:13
140,2003-04-20 09:46:58,2003-04-20 09:47:15
140,2003-04-20 09:47:56,2003-04-20 09:47:58
51,2003-04-20 09:48:37,2003-04-20 09:48:46
91,2003-04-20 09:48:53,2003-04-20 09:48:54
84,2003-04-20 09:50:13,2003-04-20 09:52:45
96,2003-04-20 09:50:23,2003-04-20 09:57:16
51,2003-04-20 09:50:46,2003-04-20 10:04:16
84,2003-04-20 09:52:46,2003-04-20 10:04:15
137,2003-04-20 09:54:30,2003-04-20 09:55:36
85,2003-04-20 09:55:15,2003-04-20 09:55:18
137,2003-04-20 09:56:01,2003-04-20 09:56:02
133,2003-04-20 09:56:29,2003-04-20 09:56:32
85,2003-04-20 09:56:55,2003-04-20 09:57:00
96,2003-04-20 09:57:21,2003-04-20 10:55:55
140,2003-04-20 10:00:42,2003-04-20 10:02:07
61,2003-04-20 10:01:11,2003-04-20 10:01:13
51,2003-04-20 10:04:35,2003-04-20 10:04:44
51,2003-04-20 10:05:04,2003-04-20 10:05:09
60,2003-04-20 10:06:07,2003-04-20 15:39:03
137,2003-04-20 10:09:13,2003-04-20 10:58:16
51,2003-04-20 10:11:26,2003-04-20 11:15:00
106,2003-04-20 10:13:41,2003-04-20 10:41:46
115,2003-04-20 10:14:13,2003-04-20 10:14:17
115,2003-04-20 10:21:10,2003-04-20 10:21:16
114,2003-04-20 17:35:06,2003-04-20 17:35:09
51,2003-04-20 17:35:20,2003-04-20 17:37:23
91,2003-04-20 17:35:27,2003-04-20 17:35:30
91,2003-04-20 17:35:38,2003-04-20 17:36:17
91,2003-04-20 17:36:45,2003-04-20 17:37:21
137,2003-04-21 14:06:18,2003-04-21 14:12:29
141,2003-04-21 14:07:35,2003-04-21 14:07:38
141,2003-04-21 14:07:41,2003-04-21 14:07:44
100,2003-04-21 14:10:46,2003-04-21 14:11:28
137,2003-04-21 14:12:32,2003-04-21 14:14:53
141,2003-04-21 07:10:04,2003-04-21 07:10:07
141,2003-04-21 07:10:18,2003-04-21 07:10:21
100,2003-04-21 07:17:21,2003-04-21 07:17:49
100,2003-04-21 07:17:58,2003-04-21 07:18:19
96,2003-04-21 07:19:08,2003-04-21 10:08:26
100,2003-04-21 07:20:06,2003-04-21 07:20:17
141,2003-04-21 07:10:04,2003-04-21 07:10:07
141,2003-04-21 07:10:18,2003-04-21 07:10:21
100,2003-04-21 07:17:21,2003-04-21 07:17:49
100,2003-04-21 07:17:58,2003-04-21 07:18:19
96,2003-04-21 07:19:08,2003-04-21 10:08:26
100,2003-04-21 07:20:06,2003-04-21 07:20:17
74,2003-04-21 01:22:34,2003-04-21 01:22:45
100,2003-04-21 09:13:04,2003-04-21 09:13:15
51,2003-04-21 09:18:19,2003-04-21 09:18:25
51,2003-04-21 09:18:37,2003-04-21 21:12:11
122,2003-04-21 09:22:48,2003-04-21 09:48:10
98,2003-04-21 09:23:32,2003-04-21 17:58:23
107,2003-04-21 09:23:50,2003-04-21 20:04:31
133,2003-04-21 09:39:37,2003-04-21 18:56:37
122,2003-04-21 10:06:50,2003-04-21 14:47:09
96,2003-04-21 10:09:20,2003-04-21 10:10:01
74,2003-04-21 10:10:13,2003-04-21 10:10:47
115,2003-04-21 10:10:48,2003-04-21 10:11:00
84,2003-04-21 10:14:52,2003-04-21 10:16:01
115,2003-04-21 10:14:58,2003-04-21 10:15:30
84,2003-04-21 10:16:06,2003-04-21 17:11:07
122,2003-04-21 10:06:50,2003-04-21 14:47:09
96,2003-04-21 10:09:20,2003-04-21 10:10:01
74,2003-04-21 10:10:13,2003-04-21 10:10:47
115,2003-04-21 10:10:48,2003-04-21 10:11:00
84,2003-04-21 10:14:52,2003-04-21 10:16:01
115,2003-04-21 10:14:58,2003-04-21 10:15:30
84,2003-04-21 10:16:06,2003-04-21 17:11:07
115,2003-04-21 10:16:24,2003-04-21 10:16:34
115,2003-04-21 10:18:56,2003-04-21 10:19:21
74,2003-04-21 13:11:06,2003-04-21 13:11:30
97,2003-04-21 13:11:10,2003-04-21 13:11:23
97,2003-04-21 13:11:24,2003-04-21 13:11:28
137,2003-04-21 14:06:18,2003-04-21 14:12:29
141,2003-04-21 14:07:35,2003-04-21 14:07:38
141,2003-04-21 14:07:41,2003-04-21 14:07:44
100,2003-04-21 14:10:46,2003-04-21 14:11:28
137,2003-04-21 14:12:32,2003-04-21 14:14:53
85,2003-04-21 17:05:14,2003-04-21 17:05:22
75,2003-04-21 17:06:57,2003-04-21 17:51:00
74,2003-04-21 17:07:42,2003-04-21 17:07:51
115,2003-04-21 17:07:56,2003-04-21 17:08:00
74,2003-04-21 17:08:37,2003-04-21 17:08:46
74,2003-04-21 17:08:56,2003-04-21 17:09:03
115,2003-04-21 17:11:11,2003-04-21 17:11:37
60,2003-04-21 17:17:58,2003-04-21 17:18:00
60,2003-04-21 17:18:02,2003-04-21 19:06:43
74,2003-04-21 17:20:11,2003-04-21 17:20:15
74,2003-04-21 17:31:43,2003-04-21 17:31:48
96,2003-04-21 17:32:20,2003-04-21 17:32:30
96,2003-04-21 17:32:31,2003-04-21 17:48:28
74,2003-04-21 17:32:43,2003-04-21 17:32:58
74,2003-04-21 17:34:10,2003-04-21 17:34:16
74,2003-04-21 17:35:52,2003-04-21 17:36:02
74,2003-04-21 17:47:08,2003-04-21 17:47:39
74,2003-04-21 17:48:01,2003-04-21 17:48:23
96,2003-04-21 17:49:01,2003-04-21 19:54:13
94,2003-04-21 17:49:56,2003-04-21 17:50:07
53,2003-04-21 17:51:00,2003-04-21 19:54:55
119,2003-04-21 21:12:13,2003-04-21 21:13:17
51,2003-04-21 21:13:16,2003-04-21 21:13:24
145,2003-04-21 21:17:05,2003-04-21 21:17:08
119,2003-04-21 21:12:13,2003-04-21 21:13:17
51,2003-04-21 21:13:16,2003-04-21 21:13:24
145,2003-04-21 21:17:05,2003-04-21 21:17:08
75,2003-04-21 19:53:46,2003-04-21 19:54:55
54,2003-04-21 19:54:20,2003-04-21 19:54:34
74,2003-04-21 19:54:48,2003-04-21 19:54:50
74,2003-04-21 19:59:51,2003-04-21 19:59:54
137,2003-04-21 05:26:47,2003-04-21 05:39:11
74,2003-04-21 05:49:28,2003-04-21 05:49:36
51,2003-04-21 05:49:43,2003-04-21 05:51:47
114,2003-04-21 05:50:07,2003-04-21 05:50:18
114,2003-04-21 05:51:38,2003-04-21 05:51:40
74,2003-04-21 05:51:45,2003-04-21 05:51:50
75,2003-04-21 05:52:09,2003-04-21 06:19:32
137,2003-04-21 05:53:30,2003-04-21 10:28:12
74,2003-04-21 05:55:30,2003-04-21 05:55:34
84,2003-04-21 05:56:50,2003-04-21 05:57:59
84,2003-04-21 05:58:00,2003-04-21 10:14:52
115,2003-04-21 05:58:16,2003-04-21 05:58:23
54,2003-04-21 05:59:24,2003-04-21 05:59:40
51,2003-04-21 05:59:59,2003-04-21 06:00:11
115,2003-04-21 06:00:16,2003-04-21 06:00:45
53,2003-04-21 06:00:52,2003-04-21 06:19:31
51,2003-04-21 06:06:48,2003-04-21 06:06:53
51,2003-04-21 06:08:56,2003-04-21 06:09:00
96,2003-04-21 06:19:24,2003-04-21 07:18:33
100,2003-04-21 06:21:21,2003-04-21 07:16:44
74,2003-04-22 02:41:15,2003-04-22 02:41:27
74,2003-04-22 05:19:21,2003-04-22 05:19:28
74,2003-04-22 05:20:24,2003-04-22 05:20:27
74,2003-04-22 05:24:08,2003-04-22 05:24:11
138,2003-04-22 05:26:08,2003-04-22 05:26:17
53,2003-04-22 05:26:24,2003-04-22 07:14:32
84,2003-04-22 05:26:36,2003-04-22 05:33:21
51,2003-04-22 05:26:39,2003-04-22 19:15:48
115,2003-04-22 05:27:12,2003-04-22 05:28:11
115,2003-04-22 05:30:05,2003-04-22 05:30:41
84,2003-04-22 05:33:23,2003-04-22 16:48:31
75,2003-04-22 05:55:29,2003-04-22 06:04:41
54,2003-04-22 05:55:37,2003-04-22 05:55:51
96,2003-04-22 05:56:47,2003-04-22 05:57:24
115,2003-04-22 05:57:05,2003-04-22 05:57:08
96,2003-04-22 05:57:54,2003-04-22 05:58:22
96,2003-04-22 05:58:26,2003-04-22 06:03:39
94,2003-04-22 06:00:33,2003-04-22 06:00:50
96,2003-04-22 06:04:06,2003-04-22 06:38:20
98,2003-04-22 07:57:56,2003-04-22 13:59:30
85,2003-04-22 07:58:42,2003-04-22 07:58:52
115,2003-04-22 06:36:23,2003-04-22 06:36:28
115,2003-04-22 06:36:41,2003-04-22 06:36:45
115,2003-04-22 06:36:47,2003-04-22 06:41:02
75,2003-04-22 06:37:05,2003-04-22 07:14:32
106,2003-04-22 06:37:10,2003-04-22 07:14:45
96,2003-04-22 06:38:58,2003-04-22 16:48:40
94,2003-04-22 06:42:20,2003-04-22 06:42:22
115,2003-04-22 06:43:07,2003-04-22 06:43:41
84,2003-04-22 16:48:32,2003-04-22 16:59:36
54,2003-04-22 16:48:45,2003-04-22 16:49:10
122,2003-04-22 16:53:21,2003-04-22 17:22:12
74,2003-04-22 16:53:50,2003-04-22 16:54:06
74,2003-04-22 16:58:58,2003-04-22 16:59:30
122,2003-04-22 16:03:40,2003-04-22 16:03:47
122,2003-04-22 16:30:20,2003-04-22 16:30:28
122,2003-04-22 16:35:12,2003-04-22 16:35:21
84,2003-04-22 16:48:32,2003-04-22 16:59:36
54,2003-04-22 16:48:45,2003-04-22 16:49:10
122,2003-04-22 16:53:21,2003-04-22 17:22:12
74,2003-04-22 16:53:50,2003-04-22 16:54:06
74,2003-04-22 16:58:58,2003-04-22 16:59:30
122,2003-04-22 17:27:10,2003-04-22 17:27:15
51,2003-04-22 19:22:10,2003-04-22 19:22:14
141,2003-04-22 19:25:29,2003-04-22 19:25:36
64,2003-04-22 18:27:59,2003-04-22 18:28:06
74,2003-04-22 18:28:08,2003-04-22 18:28:13
74,2003-04-22 18:28:37,2003-04-22 18:28:40
117,2003-04-22 18:29:00,2003-04-22 18:46:38
64,2003-04-22 18:31:02,2003-04-22 18:31:09
57,2003-04-22 18:40:34,2003-04-22 18:40:44
57,2003-04-22 18:40:45,2003-04-22 18:41:03
75,2003-04-22 18:40:53,2003-04-22 19:06:03
114,2003-04-22 18:41:45,2003-04-22 18:41:54
74,2003-04-22 18:54:18,2003-04-22 18:54:23
74,2003-04-22 19:05:23,2003-04-22 19:05:33
74,2003-04-22 19:05:50,2003-04-22 19:05:57
74,2003-04-22 19:15:51,2003-04-22 19:15:56
74,2003-04-22 19:16:20,2003-04-22 19:16:25
51,2003-04-22 19:22:10,2003-04-22 19:22:14
141,2003-04-22 19:25:29,2003-04-22 19:25:36
122,2003-04-22 16:03:40,2003-04-22 16:03:47
112,2003-04-22 07:10:17,2003-04-22 07:10:18
85,2003-04-22 12:32:06,2003-04-22 12:32:29
103,2003-04-22 12:32:22,2003-04-22 16:22:34
67,2003-04-22 12:33:36,2003-04-22 12:34:15
67,2003-04-22 12:34:16,2003-04-22 18:46:54
75,2003-04-22 12:41:22,2003-04-22 12:50:33
74,2003-04-22 12:41:26,2003-04-22 12:41:35
74,2003-04-22 12:41:40,2003-04-22 12:42:00
115,2003-04-22 12:42:04,2003-04-22 12:42:05
74,2003-04-22 12:43:01,2003-04-22 12:43:17
119,2003-04-22 12:44:19,2003-04-22 12:45:22
70,2003-04-22 12:45:12,2003-04-22 12:45:16
106,2003-04-22 12:47:26,2003-04-22 13:52:33
115,2003-04-22 12:48:07,2003-04-22 12:48:59
74,2003-04-22 12:48:59,2003-04-22 12:49:03
53,2003-04-22 12:50:33,2003-04-22 19:06:03
74,2003-04-22 07:13:41,2003-04-22 07:14:02
115,2003-04-22 07:14:03,2003-04-22 07:14:15
115,2003-04-22 07:19:14,2003-04-22 07:19:21
53,2003-04-23 00:42:38,2003-04-23 05:07:21
74,2003-04-23 00:43:16,2003-04-23 00:43:23
75,2003-04-23 05:05:49,2003-04-23 05:58:04
74,2003-04-23 05:05:57,2003-04-23 05:06:02
64,2003-04-23 05:07:04,2003-04-23 05:07:10
67,2003-04-23 05:08:12,2003-04-23 05:08:57
53,2003-04-23 05:09:01,2003-04-23 05:58:03
57,2003-04-23 05:09:03,2003-04-23 15:53:21
74,2003-04-23 05:11:30,2003-04-23 05:11:33
109,2003-04-23 05:13:13,2003-04-23 05:16:01
69,2003-04-23 06:26:39,2003-04-23 15:03:57
74,2003-04-23 06:27:56,2003-04-23 06:27:59
98,2003-04-23 07:21:15,2003-04-23 15:37:59
99,2003-04-23 07:23:15,2003-04-23 16:05:20
85,2003-04-23 07:24:45,2003-04-23 07:25:04
95,2003-04-23 07:24:58,2003-04-23 15:35:48
70,2003-04-23 05:44:00,2003-04-23 05:44:13
115,2003-04-23 05:44:15,2003-04-23 05:44:30
100,2003-04-23 05:48:33,2003-04-23 05:49:55
115,2003-04-23 05:49:00,2003-04-23 05:49:25
115,2003-04-23 05:50:30,2003-04-23 05:50:37
115,2003-04-23 05:51:27,2003-04-23 05:51:38
106,2003-04-23 05:53:21,2003-04-23 06:22:46
115,2003-04-23 05:54:09,2003-04-23 05:54:31
109,2003-04-23 05:57:33,2003-04-23 07:17:38
115,2003-04-23 05:57:40,2003-04-23 05:57:57
57,2003-04-23 05:09:03,2003-04-23 15:53:21
74,2003-04-23 05:11:30,2003-04-23 05:11:33
109,2003-04-23 05:13:13,2003-04-23 05:16:01
109,2003-04-23 05:16:47,2003-04-23 05:46:10
74,2003-04-23 05:43:15,2003-04-23 05:43:23
70,2003-04-23 05:44:00,2003-04-23 05:44:13
115,2003-04-23 05:44:15,2003-04-23 05:44:30
100,2003-04-23 05:48:33,2003-04-23 05:49:55
115,2003-04-23 05:49:00,2003-04-23 05:49:25
115,2003-04-23 05:50:30,2003-04-23 05:50:37
115,2003-04-23 05:51:27,2003-04-23 05:51:38
106,2003-04-23 05:53:21,2003-04-23 06:22:46
115,2003-04-23 05:54:09,2003-04-23 05:54:31
109,2003-04-23 05:57:33,2003-04-23 07:17:38
115,2003-04-23 05:57:40,2003-04-23 05:57:57
141,2003-04-23 06:07:45,2003-04-23 06:07:48
141,2003-04-23 06:07:51,2003-04-23 06:07:55
141,2003-04-23 06:07:57,2003-04-23 06:07:59
51,2003-04-23 10:29:46,2003-04-23 10:31:00
115,2003-04-23 10:30:04,2003-04-23 10:30:07
51,2003-04-23 10:31:12,2003-04-23 10:31:51
51,2003-04-23 10:32:03,2003-04-23 10:32:06
75,2003-04-23 10:32:12,2003-04-23 10:46:55
54,2003-04-23 10:32:26,2003-04-23 10:32:35
142,2003-04-23 10:33:12,2003-04-23 10:33:18
70,2003-04-23 10:33:39,2003-04-23 10:34:05
74,2003-04-23 10:34:15,2003-04-23 10:34:47
66,2003-04-23 10:34:40,2003-04-23 10:35:20
74,2003-04-23 10:35:13,2003-04-23 10:35:35
66,2003-04-23 10:35:24,2003-04-23 16:10:55
51,2003-04-23 10:35:52,2003-04-23 16:13:10
138,2003-04-23 10:38:27,2003-04-23 15:50:45
115,2003-04-23 10:38:36,2003-04-23 10:38:57
84,2003-04-23 10:42:58,2003-04-23 11:09:43
115,2003-04-23 10:43:45,2003-04-23 10:43:55
53,2003-04-23 10:46:54,2003-04-23 15:46:40
74,2003-04-23 10:46:59,2003-04-23 10:47:12
70,2003-04-23 10:47:13,2003-04-23 12:05:40
96,2003-04-23 11:46:33,2003-04-23 11:47:12
84,2003-04-23 11:46:43,2003-04-23 12:25:26
96,2003-04-23 11:47:28,2003-04-23 11:49:55
96,2003-04-23 11:49:57,2003-04-23 11:50:02
96,2003-04-23 11:50:05,2003-04-23 14:39:54
119,2003-04-23 11:50:52,2003-04-23 11:52:02
114,2003-04-23 11:53:27,2003-04-23 11:53:29
114,2003-04-23 11:55:55,2003-04-23 11:55:56
140,2003-04-23 11:56:14,2003-04-23 11:56:23
85,2003-04-23 11:22:40,2003-04-23 11:24:28
122,2003-04-23 11:29:49,2003-04-23 11:29:54
122,2003-04-23 11:38:28,2003-04-23 16:06:59
112,2003-04-23 13:59:44,2003-04-23 13:59:45
85,2003-04-23 14:00:32,2003-04-23 14:00:46
84,2003-04-23 14:38:59,2003-04-23 15:36:17
96,2003-04-23 14:39:56,2003-04-23 15:36:49
141,2003-04-23 14:40:14,2003-04-23 14:42:36
141,2003-04-23 14:42:45,2003-04-23 14:42:47
69,2003-04-23 15:10:43,2003-04-23 15:22:04
135,2003-04-23 15:23:55,2003-04-23 21:50:05
85,2003-04-23 15:34:38,2003-04-23 15:35:10
104,2003-04-23 15:35:48,2003-04-23 15:36:10
114,2003-04-23 15:36:15,2003-04-23 15:37:23
84,2003-04-23 15:36:18,2003-04-23 15:45:59
96,2003-04-23 15:36:51,2003-04-23 15:36:52
96,2003-04-23 15:37:14,2003-04-23 15:37:25
98,2003-04-23 15:38:00,2003-04-23 15:57:24
75,2003-04-23 15:38:15,2003-04-23 16:21:53
96,2003-04-23 15:38:46,2003-04-23 15:39:43
112,2003-04-23 15:40:39,2003-04-23 15:40:40
120,2003-04-23 15:43:48,2003-04-23 15:57:23
96,2003-04-23 15:43:56,2003-04-23 15:44:25
114,2003-04-23 15:45:03,2003-04-23 15:45:06
84,2003-04-23 15:46:01,2003-04-23 15:51:06
100,2003-04-23 15:46:29,2003-04-23 15:46:30
67,2003-04-23 15:46:39,2003-04-23 15:47:55
100,2003-04-23 15:46:45,2003-04-23 15:46:47
100,2003-04-23 15:46:57,2003-04-23 15:47:34
96,2003-04-23 15:46:58,2003-04-23 15:47:02
141,2003-04-23 15:48:15,2003-04-23 15:48:17
141,2003-04-23 15:48:19,2003-04-23 15:48:21
141,2003-04-23 15:48:22,2003-04-23 15:48:23
100,2003-04-23 15:48:24,2003-04-23 15:48:30
64,2003-04-23 15:48:27,2003-04-23 15:48:35
79,2003-04-23 15:48:41,2003-04-23 16:10:37
73,2003-04-23 15:48:42,2003-04-23 15:48:43
100,2003-04-23 15:49:01,2003-04-23 15:49:02
96,2003-04-23 15:49:14,2003-04-23 15:49:55
96,2003-04-23 15:50:15,2003-04-23 15:50:18
107,2003-04-23 15:50:17,2003-04-23 21:37:33
112,2003-04-23 15:52:12,2003-04-23 15:52:14
96,2003-04-23 15:52:20,2003-04-23 15:52:24
73,2003-04-23 15:52:43,2003-04-23 15:54:13
64,2003-04-23 15:53:14,2003-04-23 15:53:18
67,2003-04-23 15:53:19,2003-04-23 15:54:23
96,2003-04-23 15:54:32,2003-04-23 15:54:36
115,2003-04-23 15:56:45,2003-04-23 15:58:50
137,2003-04-23 15:57:24,2003-04-23 16:13:51
137,2003-04-23 19:20:14,2003-04-23 19:21:07
137,2003-04-23 19:21:09,2003-04-23 19:28:21
78,2003-04-23 19:29:12,2003-04-23 22:21:56
69,2003-04-23 15:10:43,2003-04-23 15:22:04
135,2003-04-23 15:23:55,2003-04-23 21:50:05
75,2003-04-23 15:38:15,2003-04-23 16:21:53
96,2003-04-23 15:38:46,2003-04-23 15:39:43
112,2003-04-23 15:40:39,2003-04-23 15:40:40
120,2003-04-23 15:43:48,2003-04-23 15:57:23
96,2003-04-23 15:43:56,2003-04-23 15:44:25
114,2003-04-23 15:45:03,2003-04-23 15:45:06
84,2003-04-23 15:46:01,2003-04-23 15:51:06
100,2003-04-23 15:46:29,2003-04-23 15:46:30
67,2003-04-23 15:46:39,2003-04-23 15:47:55
100,2003-04-23 15:46:45,2003-04-23 15:46:47
100,2003-04-23 15:46:57,2003-04-23 15:47:34
96,2003-04-23 15:46:58,2003-04-23 15:47:02
141,2003-04-23 15:48:15,2003-04-23 15:48:17
141,2003-04-23 15:48:19,2003-04-23 15:48:21
141,2003-04-23 15:48:22,2003-04-23 15:48:23
100,2003-04-23 15:48:24,2003-04-23 15:48:30
64,2003-04-23 15:48:27,2003-04-23 15:48:35
79,2003-04-23 15:48:41,2003-04-23 16:10:37
73,2003-04-23 15:48:42,2003-04-23 15:48:43
100,2003-04-23 15:49:01,2003-04-23 15:49:02
96,2003-04-23 15:49:14,2003-04-23 15:49:55
96,2003-04-23 15:50:15,2003-04-23 15:50:18
107,2003-04-23 15:50:17,2003-04-23 21:37:33
112,2003-04-23 15:52:12,2003-04-23 15:52:14
96,2003-04-23 15:52:20,2003-04-23 15:52:24
73,2003-04-23 15:52:43,2003-04-23 15:54:13
64,2003-04-23 15:53:14,2003-04-23 15:53:18
67,2003-04-23 15:53:19,2003-04-23 15:54:23
96,2003-04-23 15:54:32,2003-04-23 15:54:36
109,2003-04-23 16:02:22,2003-04-23 21:05:56
91,2003-04-23 16:02:49,2003-04-23 21:17:10
98,2003-04-23 16:03:06,2003-04-23 16:15:15
85,2003-04-23 16:06:47,2003-04-23 16:07:10
95,2003-04-23 16:07:12,2003-04-23 16:22:35
99,2003-04-23 16:07:23,2003-04-23 19:01:39
124,2003-04-23 16:12:27,2003-04-23 16:39:47
79,2003-04-23 16:13:19,2003-04-23 16:13:26
73,2003-04-23 16:13:21,2003-04-23 16:13:26
137,2003-04-23 16:15:06,2003-04-23 16:23:52
108,2003-04-23 16:15:41,2003-04-23 16:15:45
104,2003-04-23 16:17:16,2003-04-23 16:17:24
84,2003-04-23 16:18:49,2003-04-23 16:18:50
84,2003-04-23 16:19:15,2003-04-23 16:19:16
51,2003-04-23 16:19:19,2003-04-23 16:19:33
84,2003-04-23 16:19:47,2003-04-23 17:10:16
51,2003-04-23 16:19:57,2003-04-23 16:22:06
53,2003-04-23 16:21:53,2003-04-23 16:22:09
103,2003-04-23 16:22:35,2003-04-23 16:22:36
85,2003-04-23 16:22:41,2003-04-23 16:22:57
98,2003-04-23 16:23:17,2003-04-23 16:38:01
64,2003-04-23 16:25:20,2003-04-23 16:25:28
75,2003-04-23 16:25:34,2003-04-23 17:29:47
114,2003-04-23 16:26:20,2003-04-23 16:26:25
137,2003-04-23 16:27:59,2003-04-23 16:28:01
51,2003-04-23 16:30:23,2003-04-23 16:42:07
96,2003-04-23 16:30:29,2003-04-23 17:06:47
137,2003-04-23 16:31:49,2003-04-23 16:32:20
137,2003-04-23 16:32:22,2003-04-23 16:32:25
137,2003-04-23 16:32:26,2003-04-23 16:32:30
138,2003-04-23 16:35:40,2003-04-23 17:18:42
117,2003-04-23 16:36:06,2003-04-23 16:58:37
118,2003-04-23 16:36:10,2003-04-23 16:36:11
120,2003-04-23 16:36:11,2003-04-23 16:36:12
119,2003-04-23 16:40:29,2003-04-23 16:41:25
74,2003-04-23 16:46:06,2003-04-23 16:46:21
66,2003-04-23 16:46:11,2003-04-23 16:46:22
74,2003-04-23 16:49:05,2003-04-23 16:49:20
66,2003-04-23 16:49:08,2003-04-23 16:49:20
74,2003-04-23 16:52:57,2003-04-23 16:53:05
115,2003-04-23 17:03:06,2003-04-23 17:03:16
96,2003-04-23 17:07:05,2003-04-23 17:10:27
74,2003-04-23 17:09:37,2003-04-23 17:09:49
66,2003-04-23 17:09:42,2003-04-23 17:09:49
74,2003-04-23 17:09:55,2003-04-23 17:10:01
84,2003-04-23 17:10:17,2003-04-23 17:16:27
96,2003-04-23 17:10:38,2003-04-23 17:12:14
74,2003-04-23 17:11:55,2003-04-23 17:12:00
96,2003-04-23 17:12:26,2003-04-23 17:13:22
51,2003-04-23 17:15:44,2003-04-23 17:56:37
84,2003-04-23 17:16:28,2003-04-23 17:29:07
115,2003-04-23 17:16:38,2003-04-23 17:16:41
115,2003-04-23 17:17:55,2003-04-23 17:18:04
74,2003-04-23 17:18:09,2003-04-23 17:18:27
84,2003-04-24 05:42:50,2003-04-24 06:29:04
74,2003-04-24 05:42:53,2003-04-24 05:42:58
107,2003-04-24 06:22:45,2003-04-24 10:11:03
75,2003-04-24 06:23:04,2003-04-24 06:36:46
51,2003-04-24 06:23:13,2003-04-24 17:48:41
96,2003-04-24 06:25:39,2003-04-24 06:58:37
67,2003-04-24 06:28:09,2003-04-24 06:28:34
67,2003-04-24 06:29:13,2003-04-24 06:29:24
142,2003-04-24 06:30:03,2003-04-24 06:30:12
84,2003-04-24 06:32:10,2003-04-24 06:58:15
74,2003-04-24 06:32:19,2003-04-24 06:32:26
74,2003-04-24 06:58:07,2003-04-24 06:58:14
96,2003-04-24 06:58:44,2003-04-24 07:21:12
74,2003-04-24 06:58:07,2003-04-24 06:58:14
96,2003-04-24 06:58:44,2003-04-24 07:21:12
141,2003-04-24 07:03:36,2003-04-24 07:03:40
141,2003-04-24 07:03:43,2003-04-24 07:03:44
141,2003-04-24 14:35:20,2003-04-24 18:11:30
67,2003-04-24 14:37:36,2003-04-24 14:37:41
57,2003-04-24 14:37:42,2003-04-24 14:39:04
74,2003-04-24 14:37:52,2003-04-24 14:37:59
74,2003-04-24 14:38:15,2003-04-24 14:38:20
74,2003-04-24 14:38:30,2003-04-24 14:38:36
141,2003-04-24 18:11:37,2003-04-24 18:24:22
98,2003-04-24 18:57:36,2003-04-24 18:58:15
141,2003-04-24 19:25:41,2003-04-24 20:10:08
141,2003-04-24 20:10:17,2003-04-24 20:10:20
109,2003-04-24 20:11:36,2003-04-24 20:33:04
141,2003-04-24 20:30:14,2003-04-24 20:30:18
141,2003-04-24 20:30:22,2003-04-24 20:30:25
75,2003-04-24 20:31:07,2003-04-24 20:53:06
115,2003-04-24 20:31:52,2003-04-24 20:32:06
109,2003-04-24 20:33:20,2003-04-24 22:21:29
96,2003-04-24 20:34:10,2003-04-24 20:47:30
122,2003-04-24 17:41:13,2003-04-24 20:51:50
98,2003-04-24 17:47:52,2003-04-24 18:48:45
54,2003-04-24 17:49:10,2003-04-24 17:49:33
117,2003-04-24 17:50:23,2003-04-24 17:50:26
120,2003-04-24 17:50:25,2003-04-24 17:50:26
117,2003-04-24 17:50:26,2003-04-24 18:05:14
91,2003-04-24 17:50:28,2003-04-24 17:50:29
111,2003-04-24 17:51:44,2003-04-24 17:56:37
104,2003-04-24 17:53:12,2003-04-24 17:56:38
111,2003-04-24 17:56:38,2003-04-24 18:03:28
104,2003-04-24 18:03:09,2003-04-24 18:03:30
111,2003-04-24 18:03:30,2003-04-24 18:03:52
104,2003-04-24 18:03:43,2003-04-24 18:03:52
141,2003-04-24 18:11:37,2003-04-24 18:24:22
108,2003-04-24 20:50:16,2003-04-24 20:50:25
74,2003-04-24 20:50:37,2003-04-24 20:50:41
53,2003-04-24 20:53:06,2003-04-24 22:17:54
108,2003-04-24 20:53:08,2003-04-24 20:53:14
66,2003-04-24 21:25:00,2003-04-24 23:35:36
122,2003-04-24 21:49:04,2003-04-24 21:49:10
115,2003-04-24 20:48:07,2003-04-24 20:48:19
74,2003-04-24 20:49:04,2003-04-24 20:49:17
108,2003-04-24 20:50:16,2003-04-24 20:50:25
74,2003-04-24 20:50:37,2003-04-24 20:50:41
53,2003-04-24 20:53:06,2003-04-24 22:17:54
108,2003-04-24 20:53:08,2003-04-24 20:53:14
137,2003-04-24 07:48:42,2003-04-24 10:58:19
74,2003-04-24 14:57:30,2003-04-24 14:57:51
70,2003-04-24 14:57:51,2003-04-24 16:47:23
96,2003-04-24 14:58:37,2003-04-24 20:33:32
91,2003-04-24 15:01:13,2003-04-24 15:02:00
122,2003-04-24 15:04:34,2003-04-24 15:04:39
122,2003-04-24 16:36:54,2003-04-24 16:37:09
122,2003-04-24 16:37:38,2003-04-24 16:37:51
98,2003-04-24 16:43:12,2003-04-24 17:41:49
122,2003-04-24 17:09:31,2003-04-24 17:09:36
74,2003-04-24 10:44:56,2003-04-24 10:45:09
122,2003-04-24 10:47:48,2003-04-24 10:47:55
107,2003-04-24 10:59:24,2003-04-24 14:16:32
137,2003-04-24 10:59:54,2003-04-24 11:16:22
122,2003-04-24 11:09:43,2003-04-24 12:27:24
57,2003-04-24 11:15:06,2003-04-24 11:15:20
67,2003-04-24 11:15:27,2003-04-24 11:22:34
57,2003-04-24 11:15:29,2003-04-24 11:15:30
137,2003-04-24 11:16:42,2003-04-24 11:18:42
96,2003-04-24 11:17:01,2003-04-24 11:58:28
74,2003-04-24 11:17:38,2003-04-24 11:17:45
74,2003-04-24 11:17:47,2003-04-24 11:17:52
108,2003-04-24 11:17:56,2003-04-24 11:17:59
115,2003-04-24 11:18:50,2003-04-24 11:19:28
74,2003-04-24 11:19:08,2003-04-24 11:19:14
115,2003-04-24 11:19:35,2003-04-24 12:01:36
137,2003-04-24 11:19:53,2003-04-24 22:30:35
108,2003-04-24 11:20:36,2003-04-24 11:20:43
57,2003-04-24 11:22:34,2003-04-24 11:22:45
74,2003-04-24 11:59:13,2003-04-24 11:59:33
84,2003-04-24 12:01:39,2003-04-24 12:03:52
108,2003-04-24 12:01:46,2003-04-24 12:01:48
84,2003-04-24 12:03:53,2003-04-24 22:42:45
74,2003-04-24 12:05:34,2003-04-24 12:05:39
96,2003-04-24 12:18:40,2003-04-24 14:58:01
85,2003-04-24 12:24:07,2003-04-24 12:24:17
57,2003-04-24 11:15:06,2003-04-24 11:15:20
67,2003-04-24 11:15:27,2003-04-24 11:22:34
57,2003-04-24 11:15:29,2003-04-24 11:15:30
137,2003-04-24 11:16:42,2003-04-24 11:18:42
96,2003-04-24 11:17:01,2003-04-24 11:58:28
74,2003-04-24 11:17:38,2003-04-24 11:17:45
74,2003-04-24 11:17:47,2003-04-24 11:17:52
108,2003-04-24 11:17:56,2003-04-24 11:17:59
115,2003-04-24 11:18:50,2003-04-24 11:19:28
74,2003-04-24 11:19:08,2003-04-24 11:19:14
115,2003-04-24 11:19:35,2003-04-24 12:01:36
137,2003-04-24 11:19:53,2003-04-24 22:30:35
108,2003-04-24 11:20:36,2003-04-24 11:20:43
57,2003-04-24 11:22:34,2003-04-24 11:22:45
74,2003-04-24 09:26:41,2003-04-24 09:31:44
91,2003-04-24 09:29:03,2003-04-24 09:29:06
91,2003-04-24 09:29:10,2003-04-24 09:29:17
115,2003-04-24 09:31:10,2003-04-24 09:31:12
57,2003-04-24 09:32:07,2003-04-24 09:32:17
74,2003-04-24 09:35:39,2003-04-24 09:36:20
87,2003-04-24 09:35:45,2003-04-24 09:36:01
64,2003-04-24 09:36:27,2003-04-24 09:36:36
64,2003-04-24 09:39:25,2003-04-24 09:39:27
96,2003-04-24 09:41:08,2003-04-24 09:52:21
117,2003-04-24 09:46:27,2003-04-24 09:46:29
120,2003-04-24 09:46:29,2003-04-24 09:46:33
117,2003-04-24 09:46:37,2003-04-24 09:46:41
120,2003-04-24 09:46:40,2003-04-24 09:46:41
117,2003-04-24 09:46:42,2003-04-24 11:14:16
96,2003-04-24 09:52:59,2003-04-24 09:53:26
96,2003-04-24 09:53:37,2003-04-24 09:54:59
96,2003-04-24 09:55:03,2003-04-24 09:55:14
96,2003-04-24 09:55:17,2003-04-24 11:16:40
54,2003-04-24 10:05:58,2003-04-24 10:06:14
64,2003-04-24 10:06:41,2003-04-24 10:07:02
67,2003-04-24 10:07:18,2003-04-24 10:07:25
66,2003-04-25 04:18:47,2003-04-25 04:42:55
74,2003-04-25 04:19:29,2003-04-25 04:19:33
91,2003-04-25 04:22:46,2003-04-25 04:23:55
54,2003-04-25 04:23:19,2003-04-25 07:34:22
91,2003-04-25 04:23:59,2003-04-25 04:24:06
91,2003-04-25 04:24:06,2003-04-25 09:51:23
84,2003-04-25 04:26:12,2003-04-25 07:41:50
137,2003-04-25 04:26:59,2003-04-25 06:43:51
67,2003-04-25 04:27:34,2003-04-25 04:29:19
57,2003-04-25 04:29:21,2003-04-25 04:29:28
67,2003-04-25 04:29:21,2003-04-25 09:26:08
53,2003-04-25 04:29:32,2003-04-25 07:41:57
74,2003-04-25 04:29:48,2003-04-25 04:30:04
74,2003-04-25 04:31:12,2003-04-25 04:31:18
74,2003-04-25 01:58:11,2003-04-25 01:58:18
74,2003-04-25 07:20:32,2003-04-25 07:20:39
64,2003-04-25 07:20:54,2003-04-25 07:21:01
75,2003-04-25 07:21:28,2003-04-25 07:41:57
51,2003-04-25 07:23:00,2003-04-25 07:23:59
115,2003-04-25 07:26:19,2003-04-25 07:26:28
96,2003-04-25 07:26:55,2003-04-25 07:30:06
96,2003-04-25 07:30:16,2003-04-25 07:32:01
115,2003-04-25 07:30:37,2003-04-25 07:30:39
51,2003-04-25 07:30:42,2003-04-25 07:30:50
96,2003-04-25 07:32:10,2003-04-25 07:36:48
64,2003-04-25 07:33:34,2003-04-25 07:33:38
115,2003-04-25 07:33:42,2003-04-25 07:36:29
108,2003-04-25 07:33:51,2003-04-25 07:33:56
115,2003-04-25 07:40:55,2003-04-25 07:40:57
74,2003-04-25 07:41:45,2003-04-25 07:41:50
53,2003-04-25 07:41:57,2003-04-25 20:56:58
75,2003-04-25 07:41:58,2003-04-25 20:29:42
122,2003-04-25 07:42:21,2003-04-25 07:42:31
115,2003-04-25 07:40:55,2003-04-25 07:40:57
74,2003-04-25 07:41:45,2003-04-25 07:41:50
53,2003-04-25 07:41:57,2003-04-25 20:56:58
75,2003-04-25 07:41:58,2003-04-25 20:29:42
122,2003-04-25 07:42:21,2003-04-25 07:42:31
137,2003-04-25 06:44:03,2003-04-25 06:44:04
137,2003-04-25 06:44:05,2003-04-25 06:44:08
137,2003-04-25 06:44:08,2003-04-25 06:44:10
137,2003-04-25 06:44:14,2003-04-25 06:44:27
137,2003-04-25 06:46:01,2003-04-25 06:58:55
115,2003-04-25 11:26:34,2003-04-25 11:26:36
115,2003-04-25 11:28:44,2003-04-25 11:28:50
108,2003-04-25 11:30:04,2003-04-25 11:39:18
74,2003-04-25 11:30:47,2003-04-25 11:30:51
115,2003-04-25 11:31:14,2003-04-25 11:31:16
74,2003-04-25 11:34:07,2003-04-25 11:34:13
115,2003-04-25 11:36:32,2003-04-25 11:36:48
115,2003-04-25 11:37:01,2003-04-25 11:37:20
115,2003-04-25 11:38:32,2003-04-25 11:38:33
115,2003-04-25 11:40:39,2003-04-25 11:41:08
108,2003-04-25 11:41:45,2003-04-25 12:09:09
115,2003-04-25 11:55:13,2003-04-25 11:55:17
74,2003-04-25 12:09:36,2003-04-25 12:09:44
115,2003-04-25 12:11:59,2003-04-25 12:12:04
96,2003-04-25 12:12:06,2003-04-25 12:12:21
51,2003-04-25 09:09:28,2003-04-25 09:09:33
85,2003-04-25 09:12:43,2003-04-25 09:13:11
51,2003-04-25 09:12:45,2003-04-25 09:12:48
103,2003-04-25 09:12:47,2003-04-25 19:49:37
51,2003-04-25 09:15:48,2003-04-25 19:29:05
122,2003-04-25 09:16:28,2003-04-25 12:44:39
108,2003-04-25 09:25:32,2003-04-25 09:26:00
115,2003-04-25 09:26:17,2003-04-25 09:27:19
96,2003-04-25 09:47:09,2003-04-25 09:47:14
96,2003-04-25 09:47:27,2003-04-25 09:48:29
96,2003-04-25 09:48:34,2003-04-25 09:49:07
108,2003-04-25 09:52:53,2003-04-25 09:52:55
73,2003-04-25 09:54:56,2003-04-25 09:55:03
74,2003-04-25 09:55:15,2003-04-25 09:55:25
107,2003-04-25 08:27:57,2003-04-25 08:30:55
141,2003-04-25 08:30:33,2003-04-25 08:30:38
108,2003-04-25 15:59:49,2003-04-25 15:59:50
141,2003-04-25 16:01:04,2003-04-25 16:01:08
141,2003-04-25 16:01:13,2003-04-25 16:01:15
141,2003-04-25 16:04:02,2003-04-25 16:04:23
141,2003-04-25 16:04:27,2003-04-25 16:06:33
141,2003-04-25 16:08:26,2003-04-25 16:08:29
141,2003-04-25 16:08:37,2003-04-25 16:08:39
51,2003-04-25 20:20:04,2003-04-25 20:20:07
74,2003-04-25 20:27:03,2003-04-25 20:27:16
51,2003-04-25 20:28:38,2003-04-25 20:28:43
119,2003-04-25 20:28:44,2003-04-25 20:29:29
51,2003-04-25 20:29:29,2003-04-25 20:29:36
107,2003-04-25 20:30:29,2003-04-25 20:30:33
51,2003-04-25 09:09:28,2003-04-25 09:09:33
85,2003-04-25 09:12:43,2003-04-25 09:13:11
51,2003-04-25 09:12:45,2003-04-25 09:12:48
103,2003-04-25 09:12:47,2003-04-25 19:49:37
51,2003-04-25 09:15:48,2003-04-25 19:29:05
122,2003-04-25 09:16:28,2003-04-25 12:44:39
108,2003-04-25 09:25:32,2003-04-25 09:26:00
115,2003-04-25 09:26:17,2003-04-25 09:27:19
96,2003-04-25 09:47:09,2003-04-25 09:47:14
96,2003-04-25 09:47:27,2003-04-25 09:48:29
96,2003-04-25 09:48:34,2003-04-25 09:49:07
108,2003-04-25 09:52:53,2003-04-25 09:52:55
73,2003-04-25 09:54:56,2003-04-25 09:55:03
74,2003-04-25 09:55:15,2003-04-25 09:55:25
66,2003-04-25 10:01:17,2003-04-25 10:45:57
74,2003-04-25 10:17:35,2003-04-25 10:17:48
119,2003-04-25 10:23:21,2003-04-25 10:28:16
104,2003-04-25 10:24:40,2003-04-25 10:24:44
96,2003-04-25 11:02:40,2003-04-25 11:04:51
115,2003-04-25 11:26:34,2003-04-25 11:26:36
115,2003-04-25 11:28:44,2003-04-25 11:28:50
108,2003-04-25 11:30:04,2003-04-25 11:39:18
74,2003-04-25 11:30:47,2003-04-25 11:30:51
115,2003-04-25 11:31:14,2003-04-25 11:31:16
74,2003-04-25 11:34:07,2003-04-25 11:34:13
115,2003-04-25 11:36:32,2003-04-25 11:36:48
115,2003-04-25 11:37:01,2003-04-25 11:37:20
115,2003-04-25 11:38:32,2003-04-25 11:38:33
115,2003-04-25 11:40:39,2003-04-25 11:41:08
108,2003-04-25 11:41:45,2003-04-25 12:09:09
115,2003-04-25 11:55:13,2003-04-25 11:55:17
74,2003-04-25 12:09:36,2003-04-25 12:09:44
115,2003-04-25 12:11:59,2003-04-25 12:12:04
96,2003-04-25 12:12:06,2003-04-25 12:12:21
108,2003-04-25 16:32:08,2003-04-25 16:32:10
64,2003-04-25 16:32:21,2003-04-25 16:32:44
108,2003-04-25 16:35:09,2003-04-25 16:35:25
74,2003-04-25 16:35:44,2003-04-25 16:35:49
74,2003-04-25 16:38:10,2003-04-25 16:38:34
77,2003-04-25 16:39:08,2003-04-25 16:39:23
74,2003-04-25 16:46:51,2003-04-25 16:47:23
97,2003-04-25 16:47:08,2003-04-25 16:47:09
74,2003-04-25 19:13:33,2003-04-25 19:13:37
74,2003-04-25 19:16:51,2003-04-25 19:16:54
98,2003-04-25 19:21:11,2003-04-25 21:00:02
137,2003-04-26 02:32:17,2003-04-26 23:12:27
51,2003-04-26 06:04:44,2003-04-26 06:30:28
74,2003-04-26 06:18:39,2003-04-26 06:18:51
115,2003-04-26 06:18:52,2003-04-26 06:19:33
115,2003-04-26 06:19:37,2003-04-26 06:19:39
115,2003-04-26 06:19:57,2003-04-26 06:20:00
115,2003-04-26 06:20:38,2003-04-26 06:20:40
74,2003-04-26 06:20:50,2003-04-26 06:21:10
115,2003-04-26 06:21:29,2003-04-26 06:21:32
115,2003-04-26 06:21:37,2003-04-26 06:23:47
84,2003-04-26 06:21:51,2003-04-26 06:21:52
84,2003-04-26 06:21:54,2003-04-26 06:28:08
74,2003-04-26 06:23:56,2003-04-26 06:24:14
115,2003-04-26 06:24:49,2003-04-26 06:24:54
74,2003-04-26 06:25:14,2003-04-26 06:25:20
115,2003-04-26 06:25:23,2003-04-26 06:25:33
108,2003-04-26 06:25:42,2003-04-26 06:25:47
115,2003-04-26 06:27:51,2003-04-26 06:27:53
84,2003-04-26 06:28:09,2003-04-26 06:28:34
84,2003-04-26 06:28:35,2003-04-26 12:17:34
115,2003-04-26 06:30:27,2003-04-26 06:31:03
108,2003-04-26 06:31:48,2003-04-26 06:31:49
74,2003-04-26 06:32:56,2003-04-26 06:33:12
115,2003-04-26 06:33:14,2003-04-26 06:33:44
115,2003-04-26 06:34:21,2003-04-26 06:34:37
74,2003-04-26 06:34:59,2003-04-26 06:35:06
115,2003-04-26 06:35:07,2003-04-26 06:35:14
96,2003-04-26 06:59:36,2003-04-26 06:59:52
96,2003-04-26 07:00:10,2003-04-26 12:11:47
75,2003-04-26 07:02:31,2003-04-26 11:53:22
100,2003-04-26 09:57:54,2003-04-26 09:58:58
112,2003-04-26 09:58:19,2003-04-26 09:58:20
112,2003-04-26 15:21:21,2003-04-26 15:21:22
51,2003-04-26 11:53:29,2003-04-26 12:21:16
115,2003-04-26 11:55:12,2003-04-26 11:55:15
142,2003-04-26 11:55:38,2003-04-26 11:55:44
74,2003-04-26 11:59:41,2003-04-26 12:00:28
87,2003-04-26 11:59:57,2003-04-26 12:00:27
74,2003-04-26 12:02:11,2003-04-26 12:02:26
115,2003-04-26 12:02:34,2003-04-26 12:02:38
115,2003-04-26 12:08:09,2003-04-26 12:08:24
74,2003-04-26 12:09:47,2003-04-26 12:09:52
70,2003-04-26 12:09:53,2003-04-26 12:17:09
74,2003-04-26 12:10:14,2003-04-26 12:10:20
96,2003-04-26 12:12:06,2003-04-26 12:12:13
96,2003-04-26 12:12:17,2003-04-26 12:13:34
96,2003-04-26 12:13:41,2003-04-26 13:54:20
108,2003-04-26 12:14:18,2003-04-26 12:14:49
115,2003-04-26 12:14:25,2003-04-26 12:14:58
115,2003-04-26 12:15:09,2003-04-26 12:15:14
115,2003-04-26 12:15:57,2003-04-26 12:16:12
74,2003-04-26 12:16:46,2003-04-26 12:17:09
84,2003-04-26 12:17:35,2003-04-26 14:29:29
51,2003-04-26 12:21:55,2003-04-26 18:55:12
85,2003-04-26 12:33:55,2003-04-26 12:34:16
98,2003-04-26 12:52:27,2003-04-26 14:33:29
122,2003-04-26 13:07:41,2003-04-26 16:56:22
85,2003-04-26 13:26:04,2003-04-26 13:26:22
115,2003-04-26 13:39:33,2003-04-26 13:40:06
74,2003-04-26 13:39:47,2003-04-26 13:39:56
115,2003-04-26 13:41:44,2003-04-26 13:41:53
115,2003-04-26 13:42:23,2003-04-26 13:42:27
96,2003-04-26 13:54:28,2003-04-26 14:20:10
108,2003-04-26 13:54:36,2003-04-26 14:20:35
74,2003-04-26 13:57:29,2003-04-26 13:57:35
96,2003-04-26 14:20:30,2003-04-26 14:22:30
74,2003-04-26 14:21:49,2003-04-26 14:22:03
96,2003-04-26 14:23:07,2003-04-26 14:23:48
76,2003-04-26 14:25:15,2003-04-26 19:59:25
115,2003-04-26 14:28:18,2003-04-26 14:28:26
74,2003-04-26 14:28:43,2003-04-26 14:28:49
108,2003-04-26 14:29:13,2003-04-26 14:29:15
115,2003-04-26 14:29:33,2003-04-26 14:29:36
115,2003-04-26 14:32:48,2003-04-26 14:32:51
115,2003-04-26 14:34:26,2003-04-26 14:34:30
115,2003-04-26 14:34:31,2003-04-26 14:34:33
115,2003-04-26 14:34:39,2003-04-26 20:32:04
98,2003-04-26 14:37:43,2003-04-26 15:22:45
70,2003-04-26 18:49:10,2003-04-26 18:49:36
134,2003-04-26 18:49:49,2003-04-26 18:49:56
70,2003-04-26 18:53:28,2003-04-26 18:53:34
119,2003-04-26 18:55:16,2003-04-26 18:56:02
51,2003-04-26 18:56:03,2003-04-26 18:56:07
51,2003-04-26 19:08:16,2003-04-26 19:08:22
51,2003-04-26 19:08:44,2003-04-26 19:08:49
85,2003-04-26 19:12:50,2003-04-26 19:12:56
120,2003-04-26 16:40:51,2003-04-26 18:45:30
108,2003-04-26 08:54:55,2003-04-26 08:55:13
108,2003-04-26 08:55:18,2003-04-26 08:55:20
74,2003-04-26 08:55:45,2003-04-26 08:55:55
74,2003-04-26 08:56:19,2003-04-26 08:56:23
85,2003-04-26 20:24:15,2003-04-26 20:24:20
70,2003-04-26 20:25:27,2003-04-26 20:25:39
120,2003-04-26 20:25:47,2003-04-26 23:35:41
85,2003-04-26 20:27:12,2003-04-26 20:27:22
85,2003-04-26 20:31:22,2003-04-26 20:31:29
108,2003-04-26 20:31:57,2003-04-26 20:31:59
85,2003-04-26 20:33:00,2003-04-26 20:33:09
74,2003-04-27 17:53:21,2003-04-27 17:53:33
87,2003-04-27 17:53:25,2003-04-27 17:53:31
138,2003-04-27 17:56:07,2003-04-27 17:56:12
64,2003-04-27 17:57:09,2003-04-27 17:57:18
91,2003-04-27 17:57:33,2003-04-27 18:12:29
117,2003-04-27 17:57:36,2003-04-27 18:17:52
120,2003-04-27 17:57:38,2003-04-27 18:12:27
138,2003-04-27 17:57:45,2003-04-27 17:57:55
142,2003-04-27 17:58:00,2003-04-27 17:58:11
142,2003-04-27 17:59:47,2003-04-27 18:00:03
74,2003-04-27 18:00:43,2003-04-27 18:00:54
138,2003-04-27 18:07:42,2003-04-27 18:08:35
64,2003-04-27 18:10:48,2003-04-27 18:10:52
140,2003-04-27 18:11:09,2003-04-27 18:11:15
74,2003-04-27 18:11:32,2003-04-27 18:11:47
120,2003-04-27 18:12:28,2003-04-27 19:01:36
91,2003-04-27 18:12:30,2003-04-27 19:01:38
140,2003-04-27 18:13:11,2003-04-27 18:13:20
74,2003-04-27 18:14:51,2003-04-27 18:14:58
66,2003-04-27 18:14:55,2003-04-27 18:14:59
115,2003-04-27 18:18:57,2003-04-27 18:19:02
115,2003-04-27 18:20:08,2003-04-27 18:22:53
74,2003-04-27 18:22:54,2003-04-27 18:22:59
64,2003-04-27 11:21:57,2003-04-27 11:22:00
74,2003-04-27 11:22:55,2003-04-27 11:23:04
74,2003-04-27 11:23:31,2003-04-27 11:23:42
66,2003-04-27 11:23:43,2003-04-27 11:42:46
74,2003-04-27 11:42:42,2003-04-27 11:42:48
66,2003-04-27 11:42:49,2003-04-27 11:56:45
51,2003-04-27 11:43:15,2003-04-27 20:04:44
96,2003-04-27 11:45:27,2003-04-27 13:20:17
109,2003-04-27 05:03:19,2003-04-27 17:57:38
74,2003-04-27 05:07:56,2003-04-27 05:08:00
84,2003-04-27 05:09:39,2003-04-27 07:37:49
91,2003-04-27 05:10:18,2003-04-27 15:24:37
96,2003-04-27 05:10:26,2003-04-27 06:16:31
106,2003-04-27 05:15:13,2003-04-27 05:16:37
134,2003-04-27 07:27:19,2003-04-27 07:27:42
120,2003-04-27 07:28:02,2003-04-27 17:57:36
74,2003-04-27 07:35:03,2003-04-27 07:35:14
108,2003-04-27 07:35:36,2003-04-27 07:35:42
74,2003-04-27 07:36:19,2003-04-27 07:36:40
84,2003-04-27 07:37:50,2003-04-27 07:39:25
84,2003-04-27 07:39:28,2003-04-27 11:03:11
53,2003-04-27 07:42:01,2003-04-27 18:20:58
75,2003-04-27 07:42:02,2003-04-27 17:54:00
74,2003-04-27 07:50:27,2003-04-27 07:50:39
70,2003-04-27 07:50:40,2003-04-27 18:53:15
115,2003-04-27 10:54:37,2003-04-27 10:54:49
74,2003-04-27 10:55:10,2003-04-27 10:55:21
115,2003-04-27 10:55:25,2003-04-27 10:55:28
96,2003-04-27 10:55:34,2003-04-27 11:45:03
64,2003-04-27 10:55:57,2003-04-27 10:56:05
115,2003-04-27 10:57:58,2003-04-27 11:01:54
57,2003-04-27 11:01:42,2003-04-27 11:01:47
84,2003-04-27 11:03:12,2003-04-27 11:47:24
115,2003-04-27 11:04:45,2003-04-27 11:23:04
141,2003-04-27 13:11:08,2003-04-27 14:52:07
96,2003-04-27 13:20:21,2003-04-27 13:21:07
96,2003-04-27 13:21:12,2003-04-27 16:29:00
141,2003-04-27 14:52:12,2003-04-27 14:53:41
98,2003-04-27 15:01:29,2003-04-27 19:04:45
82,2003-04-27 15:02:03,2003-04-27 15:02:20
141,2003-04-27 15:06:16,2003-04-27 15:06:17
141,2003-04-27 15:06:18,2003-04-27 15:06:41
74,2003-04-27 01:19:22,2003-04-27 01:19:29
75,2003-04-27 01:20:06,2003-04-27 07:28:03
85,2003-04-27 08:12:05,2003-04-27 08:12:12
128,2003-04-27 08:19:11,2003-04-27 08:19:20
51,2003-04-27 08:19:32,2003-04-27 08:19:42
60,2003-04-27 08:27:55,2003-04-27 08:29:31
137,2003-04-27 00:43:21,2003-04-27 02:39:40
137,2003-04-27 04:18:57,2003-04-27 04:18:59
100,2003-04-27 16:37:25,2003-04-27 16:38:02
74,2003-04-27 16:40:24,2003-04-27 16:40:36
91,2003-04-27 16:54:26,2003-04-27 17:57:21
54,2003-04-27 16:55:36,2003-04-27 16:55:49
122,2003-04-27 16:56:35,2003-04-27 16:56:49
75,2003-04-27 18:51:38,2003-04-27 18:55:07
74,2003-04-27 18:52:50,2003-04-27 18:53:15
74,2003-04-27 18:53:30,2003-04-27 18:53:36
66,2003-04-27 18:53:34,2003-04-27 18:53:37
74,2003-04-27 18:54:58,2003-04-27 18:55:02
54,2003-04-27 18:57:24,2003-04-27 18:57:39
109,2003-04-27 19:01:38,2003-04-27 20:43:54
82,2003-04-27 09:31:15,2003-04-27 09:33:28
82,2003-04-27 09:33:29,2003-04-27 09:34:31
82,2003-04-27 09:34:32,2003-04-27 09:34:36
68,2003-04-27 09:39:10,2003-04-27 09:39:32
107,2003-04-27 09:40:03,2003-04-27 12:05:37
133,2003-04-27 09:45:15,2003-04-27 19:59:41
60,2003-04-27 08:43:55,2003-04-27 08:44:11
60,2003-04-27 08:44:15,2003-04-27 08:45:05
60,2003-04-27 08:45:19,2003-04-27 08:45:27
137,2003-04-27 08:49:14,2003-04-27 16:22:41
51,2003-04-27 08:50:33,2003-04-27 10:58:49
60,2003-04-27 08:50:39,2003-04-27 08:50:49
60,2003-04-27 08:50:58,2003-04-27 08:51:01
60,2003-04-27 08:51:33,2003-04-27 08:52:44
60,2003-04-27 08:55:40,2003-04-27 08:55:51
60,2003-04-27 08:55:52,2003-04-27 08:55:53
60,2003-04-27 08:55:57,2003-04-27 08:56:00
60,2003-04-27 08:56:12,2003-04-27 08:56:14
60,2003-04-27 08:56:49,2003-04-27 08:56:51
60,2003-04-27 08:56:54,2003-04-27 08:57:21
60,2003-04-27 08:57:22,2003-04-27 08:57:26
60,2003-04-27 08:57:35,2003-04-27 08:57:41
60,2003-04-27 08:57:42,2003-04-27 08:57:43
60,2003-04-27 08:57:45,2003-04-27 08:57:46
60,2003-04-27 08:57:49,2003-04-27 08:57:50
60,2003-04-27 08:57:51,2003-04-27 08:57:52
60,2003-04-27 08:57:52,2003-04-27 08:57:53
60,2003-04-27 08:57:54,2003-04-27 08:57:55
60,2003-04-27 08:57:55,2003-04-27 08:57:56
60,2003-04-27 08:57:59,2003-04-27 08:58:04
60,2003-04-27 08:58:14,2003-04-27 08:58:15
60,2003-04-27 08:58:23,2003-04-27 08:58:25
60,2003-04-27 08:58:36,2003-04-27 08:58:37
60,2003-04-27 08:58:37,2003-04-27 08:58:38
60,2003-04-27 08:58:41,2003-04-27 08:58:44
60,2003-04-27 08:59:05,2003-04-27 08:59:06
60,2003-04-27 08:59:07,2003-04-27 08:59:08
60,2003-04-27 08:59:08,2003-04-27 08:59:13
60,2003-04-27 08:59:16,2003-04-27 08:59:17
60,2003-04-27 08:59:19,2003-04-27 08:59:26
60,2003-04-27 08:59:30,2003-04-27 08:59:32
60,2003-04-27 09:00:00,2003-04-27 09:00:01
60,2003-04-27 09:00:01,2003-04-27 09:00:02
60,2003-04-27 09:00:03,2003-04-27 09:00:04
60,2003-04-27 09:00:06,2003-04-27 09:00:15
60,2003-04-27 09:00:25,2003-04-27 09:00:27
60,2003-04-27 09:00:28,2003-04-27 09:00:30
60,2003-04-27 09:00:32,2003-04-27 09:00:33
60,2003-04-27 09:00:38,2003-04-27 09:00:39
60,2003-04-27 09:00:39,2003-04-27 09:00:40
60,2003-04-27 09:00:40,2003-04-27 09:00:41
60,2003-04-27 09:00:46,2003-04-27 09:00:47
60,2003-04-27 09:00:47,2003-04-27 09:00:48
60,2003-04-27 09:00:51,2003-04-27 09:00:52
60,2003-04-27 09:00:53,2003-04-27 09:00:54
60,2003-04-27 09:00:55,2003-04-27 09:00:56
60,2003-04-27 09:00:57,2003-04-27 09:00:58
60,2003-04-27 09:00:58,2003-04-27 09:00:59
60,2003-04-27 09:00:59,2003-04-27 09:01:00
60,2003-04-27 09:01:00,2003-04-27 09:01:01
60,2003-04-27 09:01:03,2003-04-27 09:01:04
60,2003-04-27 09:01:06,2003-04-27 09:01:07
60,2003-04-27 09:01:07,2003-04-27 09:01:08
60,2003-04-27 09:01:08,2003-04-27 09:01:09
60,2003-04-27 09:01:10,2003-04-27 09:01:12
60,2003-04-27 09:01:13,2003-04-27 09:01:15
60,2003-04-27 09:01:15,2003-04-27 09:01:16
60,2003-04-27 09:01:16,2003-04-27 09:01:18
60,2003-04-27 09:01:19,2003-04-27 09:01:20
60,2003-04-27 09:01:21,2003-04-27 09:01:22
60,2003-04-27 09:01:26,2003-04-27 09:01:27
60,2003-04-27 09:01:31,2003-04-27 09:01:34
60,2003-04-27 09:01:36,2003-04-27 09:01:37
60,2003-04-27 09:01:37,2003-04-27 09:01:38
60,2003-04-27 09:01:39,2003-04-27 09:01:40
60,2003-04-27 09:01:40,2003-04-27 09:01:41
60,2003-04-27 09:01:42,2003-04-27 09:01:43
60,2003-04-27 09:01:45,2003-04-27 09:01:46
60,2003-04-27 09:01:59,2003-04-27 09:02:00
60,2003-04-27 09:02:01,2003-04-27 09:02:02
60,2003-04-27 09:02:02,2003-04-27 09:02:03
60,2003-04-27 09:02:05,2003-04-27 09:02:06
60,2003-04-27 09:02:06,2003-04-27 09:02:07
60,2003-04-27 09:02:08,2003-04-27 09:02:15
60,2003-04-27 09:02:16,2003-04-27 09:02:17
60,2003-04-27 09:02:19,2003-04-27 09:02:20
60,2003-04-27 09:02:20,2003-04-27 09:02:21
60,2003-04-27 09:02:25,2003-04-27 09:02:26
60,2003-04-27 09:02:26,2003-04-27 09:02:27
60,2003-04-27 09:02:27,2003-04-27 09:02:28
60,2003-04-27 09:02:32,2003-04-27 09:02:33
60,2003-04-27 09:02:33,2003-04-27 09:02:34
60,2003-04-27 09:02:41,2003-04-27 09:02:42
60,2003-04-27 09:02:42,2003-04-27 09:02:44
60,2003-04-27 09:02:44,2003-04-27 09:02:45
60,2003-04-27 09:02:45,2003-04-27 09:02:46
60,2003-04-27 09:02:53,2003-04-27 09:02:54
60,2003-04-27 09:02:56,2003-04-27 09:02:58
60,2003-04-27 09:02:58,2003-04-27 09:02:59
60,2003-04-27 09:03:01,2003-04-27 09:03:02
60,2003-04-27 09:03:02,2003-04-27 09:03:03
60,2003-04-27 09:03:04,2003-04-27 09:03:05
60,2003-04-27 09:03:05,2003-04-27 09:03:06
60,2003-04-27 09:03:09,2003-04-27 09:03:10
60,2003-04-27 09:03:12,2003-04-27 09:03:13
60,2003-04-27 09:03:14,2003-04-27 09:03:15
60,2003-04-27 09:03:20,2003-04-27 09:03:21
60,2003-04-27 09:03:22,2003-04-27 09:03:34
60,2003-04-27 09:03:40,2003-04-27 09:03:49
60,2003-04-27 09:03:56,2003-04-27 09:03:57
60,2003-04-27 09:03:57,2003-04-27 09:03:58
60,2003-04-27 09:03:58,2003-04-27 09:03:59
60,2003-04-27 09:03:59,2003-04-27 09:04:00
60,2003-04-27 09:04:00,2003-04-27 09:04:01
60,2003-04-27 09:04:01,2003-04-27 09:04:02
60,2003-04-27 09:04:10,2003-04-27 09:04:11
60,2003-04-27 09:04:11,2003-04-27 09:04:12
60,2003-04-27 09:04:12,2003-04-27 09:04:13
60,2003-04-27 09:04:13,2003-04-27 09:04:14
60,2003-04-27 09:04:14,2003-04-27 09:04:15
60,2003-04-27 09:04:20,2003-04-27 09:04:21
60,2003-04-27 09:04:21,2003-04-27 09:04:22
60,2003-04-27 09:04:22,2003-04-27 09:04:23
60,2003-04-27 09:04:24,2003-04-27 09:04:25
60,2003-04-27 09:04:25,2003-04-27 09:04:26
60,2003-04-27 09:04:26,2003-04-27 09:04:27
60,2003-04-27 09:04:30,2003-04-27 09:04:31
60,2003-04-27 09:04:31,2003-04-27 09:04:32
60,2003-04-27 09:04:36,2003-04-27 09:04:37
60,2003-04-27 09:04:37,2003-04-27 09:04:38
60,2003-04-27 09:04:38,2003-04-27 09:04:39
60,2003-04-27 09:04:39,2003-04-27 09:04:40
60,2003-04-27 09:04:40,2003-04-27 09:04:41
60,2003-04-27 09:04:41,2003-04-27 09:04:42
60,2003-04-27 09:04:45,2003-04-27 09:04:47
60,2003-04-27 09:04:48,2003-04-27 09:04:49
60,2003-04-27 09:04:50,2003-04-27 09:04:51
60,2003-04-27 09:04:58,2003-04-27 09:04:59
60,2003-04-27 09:04:59,2003-04-27 09:05:00
60,2003-04-27 09:05:00,2003-04-27 09:05:01
60,2003-04-27 09:05:06,2003-04-27 09:05:07
60,2003-04-27 09:05:08,2003-04-27 09:05:09
60,2003-04-27 09:05:09,2003-04-27 09:05:11
60,2003-04-27 09:05:12,2003-04-27 09:05:13
60,2003-04-27 09:05:14,2003-04-27 09:05:15
60,2003-04-27 09:05:16,2003-04-27 09:05:17
60,2003-04-27 09:05:17,2003-04-27 09:05:18
60,2003-04-27 09:05:18,2003-04-27 09:05:19
60,2003-04-27 09:05:20,2003-04-27 09:05:21
60,2003-04-27 09:05:21,2003-04-27 09:05:22
60,2003-04-27 09:05:25,2003-04-27 09:05:26
60,2003-04-27 09:05:26,2003-04-27 09:05:27
60,2003-04-27 09:05:27,2003-04-27 09:05:28
60,2003-04-27 09:05:28,2003-04-27 09:05:29
60,2003-04-27 09:05:29,2003-04-27 09:05:30
60,2003-04-27 09:05:37,2003-04-27 09:05:38
60,2003-04-27 09:05:38,2003-04-27 09:05:39
60,2003-04-27 09:05:39,2003-04-27 09:05:40
60,2003-04-27 09:05:40,2003-04-27 09:05:42
60,2003-04-27 09:05:42,2003-04-27 09:05:43
60,2003-04-27 09:05:48,2003-04-27 09:05:49
60,2003-04-27 09:05:49,2003-04-27 09:05:50
60,2003-04-27 09:05:50,2003-04-27 09:05:51
60,2003-04-27 09:05:51,2003-04-27 09:05:52
60,2003-04-27 09:05:52,2003-04-27 09:05:53
60,2003-04-27 09:05:55,2003-04-27 09:05:56
60,2003-04-27 09:05:59,2003-04-27 09:06:00
60,2003-04-27 09:06:00,2003-04-27 09:06:01
60,2003-04-27 09:06:01,2003-04-27 09:06:02
60,2003-04-27 09:06:02,2003-04-27 09:06:03
60,2003-04-27 09:06:03,2003-04-27 09:06:04
60,2003-04-27 09:06:06,2003-04-27 09:06:07
60,2003-04-27 09:06:12,2003-04-27 09:06:13
60,2003-04-27 09:06:13,2003-04-27 09:06:14
60,2003-04-27 09:06:17,2003-04-27 09:06:21
60,2003-04-27 09:06:22,2003-04-27 09:06:23
60,2003-04-27 09:06:28,2003-04-27 09:06:29
60,2003-04-27 09:06:32,2003-04-27 09:06:38
60,2003-04-27 09:06:38,2003-04-27 09:06:39
60,2003-04-27 09:06:39,2003-04-27 09:06:41
60,2003-04-27 09:06:42,2003-04-27 09:06:43
60,2003-04-27 09:06:43,2003-04-27 09:06:44
60,2003-04-27 09:06:46,2003-04-27 09:06:47
60,2003-04-27 09:06:47,2003-04-27 09:06:48
60,2003-04-27 09:06:50,2003-04-27 09:06:51
60,2003-04-27 09:06:54,2003-04-27 09:10:32
60,2003-04-27 09:14:54,2003-04-27 09:14:58
60,2003-04-27 09:14:59,2003-04-27 09:15:07
60,2003-04-27 09:15:08,2003-04-27 09:15:26
60,2003-04-27 09:15:31,2003-04-27 09:15:39
107,2003-04-27 12:05:38,2003-04-27 19:02:31
135,2003-04-27 12:06:21,2003-04-27 12:07:04
82,2003-04-27 12:07:04,2003-04-27 12:08:02
109,2003-04-28 05:14:52,2003-04-28 06:08:51
127,2003-04-28 05:14:53,2003-04-28 05:15:01
100,2003-04-28 05:16:19,2003-04-28 05:17:53
74,2003-04-28 05:19:03,2003-04-28 05:19:08
74,2003-04-28 05:20:25,2003-04-28 05:20:28
54,2003-04-28 05:21:06,2003-04-28 05:21:21
119,2003-04-28 05:55:57,2003-04-28 06:06:53
91,2003-04-28 05:56:31,2003-04-28 10:48:00
75,2003-04-28 05:57:35,2003-04-28 06:06:52
74,2003-04-28 05:57:56,2003-04-28 05:58:00
74,2003-04-28 05:59:29,2003-04-28 05:59:36
133,2003-04-28 06:02:06,2003-04-28 19:42:19
70,2003-04-28 06:03:05,2003-04-28 06:03:16
74,2003-04-28 06:03:15,2003-04-28 06:03:23
115,2003-04-28 06:04:00,2003-04-28 06:04:12
84,2003-04-28 06:05:34,2003-04-28 06:05:35
84,2003-04-28 06:05:36,2003-04-28 07:39:23
115,2003-04-28 06:06:04,2003-04-28 06:06:30
74,2003-04-28 12:06:13,2003-04-28 12:06:37
66,2003-04-28 12:06:20,2003-04-28 12:06:28
96,2003-04-28 12:06:48,2003-04-28 12:08:39
84,2003-04-28 12:07:03,2003-04-28 22:05:34
74,2003-04-28 12:07:34,2003-04-28 12:07:38
96,2003-04-28 12:08:45,2003-04-28 12:10:33
64,2003-04-28 12:09:02,2003-04-28 12:09:19
74,2003-04-28 12:10:01,2003-04-28 12:10:06
96,2003-04-28 12:10:37,2003-04-28 12:10:51
96,2003-04-28 12:10:55,2003-04-28 12:11:52
64,2003-04-28 10:47:47,2003-04-28 10:48:43
117,2003-04-28 10:48:22,2003-04-28 11:10:00
120,2003-04-28 10:48:24,2003-04-28 10:48:25
119,2003-04-28 10:48:26,2003-04-28 20:11:33
142,2003-04-28 10:48:55,2003-04-28 10:51:00
138,2003-04-28 10:51:02,2003-04-28 10:51:14
108,2003-04-28 10:51:24,2003-04-28 10:51:26
84,2003-04-28 10:51:32,2003-04-28 10:56:05
74,2003-04-28 10:51:35,2003-04-28 10:51:42
74,2003-04-28 10:51:49,2003-04-28 10:51:58
84,2003-04-28 10:56:06,2003-04-28 12:07:02
74,2003-04-28 11:01:14,2003-04-28 11:01:33
91,2003-04-28 11:05:22,2003-04-28 11:05:36
91,2003-04-28 11:05:37,2003-04-28 19:46:02
74,2003-04-28 11:09:48,2003-04-28 11:09:55
115,2003-04-28 11:13:17,2003-04-28 11:13:21
115,2003-04-28 11:14:35,2003-04-28 11:15:08
74,2003-04-28 11:15:10,2003-04-28 11:15:21
66,2003-04-28 11:15:17,2003-04-28 11:15:21
138,2003-04-28 11:17:13,2003-04-28 11:17:41
138,2003-04-28 11:17:54,2003-04-28 12:06:55
74,2003-04-28 11:22:24,2003-04-28 11:22:29
74,2003-04-28 11:24:19,2003-04-28 11:24:49
70,2003-04-28 11:24:49,2003-04-28 12:06:38
115,2003-04-28 11:25:02,2003-04-28 11:25:07
115,2003-04-28 11:26:19,2003-04-28 11:26:22
137,2003-04-28 16:22:44,2003-04-28 17:28:23
96,2003-04-28 16:23:08,2003-04-28 16:23:09
74,2003-04-28 17:29:04,2003-04-28 17:29:14
116,2003-04-28 07:33:08,2003-04-28 07:37:47
54,2003-04-28 07:33:08,2003-04-28 07:33:15
85,2003-04-28 07:34:09,2003-04-28 07:36:59
84,2003-04-28 07:39:24,2003-04-28 10:51:31
74,2003-04-28 18:58:41,2003-04-28 18:58:51
74,2003-04-28 19:12:22,2003-04-28 19:12:29
74,2003-04-28 19:12:50,2003-04-28 19:12:54
145,2003-04-28 02:40:27,2003-04-28 02:40:31
74,2003-04-28 02:40:49,2003-04-28 02:41:00
98,2003-04-29 07:59:41,2003-04-29 15:58:38
95,2003-04-29 08:00:19,2003-04-29 20:21:56
74,2003-04-29 02:07:25,2003-04-29 02:07:35
74,2003-04-29 12:58:31,2003-04-29 12:58:47
70,2003-04-29 12:59:00,2003-04-29 12:59:19
74,2003-04-29 12:59:14,2003-04-29 12:59:18
70,2003-04-29 12:59:30,2003-04-29 13:01:13
74,2003-04-29 13:00:24,2003-04-29 13:00:28
74,2003-04-29 13:00:32,2003-04-29 13:00:42
74,2003-04-29 13:00:56,2003-04-29 13:01:13
87,2003-04-29 13:01:00,2003-04-29 13:01:11
115,2003-04-29 13:05:42,2003-04-29 13:09:51
74,2003-04-29 13:06:14,2003-04-29 13:06:22
112,2003-04-29 14:14:34,2003-04-29 14:14:36
53,2003-04-29 19:43:23,2003-04-29 19:46:40
75,2003-04-29 19:43:24,2003-04-29 20:24:35
54,2003-04-29 19:44:14,2003-04-29 19:44:35
74,2003-04-29 19:44:49,2003-04-29 19:45:30
64,2003-04-29 19:45:38,2003-04-29 19:45:58
91,2003-04-29 19:46:14,2003-04-29 20:08:29
117,2003-04-29 19:46:23,2003-04-29 20:13:05
120,2003-04-29 19:46:25,2003-04-29 19:46:26
53,2003-04-29 19:47:12,2003-04-29 20:19:32
74,2003-04-29 19:47:22,2003-04-29 19:47:29
74,2003-04-29 20:07:41,2003-04-29 20:08:02
74,2003-04-29 20:11:44,2003-04-29 20:12:03
119,2003-04-29 20:12:14,2003-04-29 22:34:46
115,2003-04-29 20:14:54,2003-04-29 20:15:01
115,2003-04-29 20:15:09,2003-04-29 20:24:10
74,2003-04-29 20:16:13,2003-04-29 20:16:16
74,2003-04-29 20:19:02,2003-04-29 20:19:09
53,2003-04-29 20:20:44,2003-04-29 20:24:34
74,2003-04-29 05:25:45,2003-04-29 05:25:49
51,2003-04-29 05:25:53,2003-04-29 21:15:46
84,2003-04-29 05:26:59,2003-04-29 05:28:52
75,2003-04-29 05:27:23,2003-04-29 05:35:02
84,2003-04-29 05:28:53,2003-04-29 06:34:23
53,2003-04-29 05:29:02,2003-04-29 05:30:16
67,2003-04-29 05:29:04,2003-04-29 05:29:11
74,2003-04-29 05:30:40,2003-04-29 05:30:47
74,2003-04-29 05:31:26,2003-04-29 05:31:32
115,2003-04-29 05:32:08,2003-04-29 05:32:16
115,2003-04-29 05:34:10,2003-04-29 05:52:21
53,2003-04-29 05:35:01,2003-04-29 19:34:07
115,2003-04-29 06:11:04,2003-04-29 06:15:07
112,2003-04-29 06:11:25,2003-04-29 06:11:26
109,2003-04-29 06:14:30,2003-04-29 19:29:09
126,2003-04-29 05:59:25,2003-04-29 11:34:41
128,2003-04-29 06:00:50,2003-04-29 06:02:55
74,2003-04-30 05:21:20,2003-04-30 05:21:25
53,2003-04-30 05:22:05,2003-04-30 05:24:23
77,2003-04-30 05:22:14,2003-04-30 05:22:17
57,2003-04-30 05:22:24,2003-04-30 05:22:55
57,2003-04-30 05:23:46,2003-04-30 05:59:27
75,2003-04-30 05:24:35,2003-04-30 05:29:40
74,2003-04-30 05:24:42,2003-04-30 05:24:47
51,2003-04-30 05:26:55,2003-04-30 05:28:41
74,2003-04-30 05:27:20,2003-04-30 05:27:25
74,2003-04-30 05:27:35,2003-04-30 05:27:39
115,2003-04-30 05:27:55,2003-04-30 05:28:22
74,2003-04-30 05:29:05,2003-04-30 05:29:09
115,2003-04-30 05:29:21,2003-04-30 05:29:29
53,2003-04-30 05:29:39,2003-04-30 05:52:35
51,2003-04-30 05:29:40,2003-04-30 05:29:43
75,2003-04-30 06:27:41,2003-04-30 07:59:51
96,2003-04-30 06:29:07,2003-04-30 07:53:55
64,2003-04-30 06:29:49,2003-04-30 06:29:59
115,2003-04-30 06:30:52,2003-04-30 06:30:58
115,2003-04-30 06:33:20,2003-04-30 06:33:30
115,2003-04-30 06:34:03,2003-04-30 06:34:11
84,2003-04-30 06:34:24,2003-04-30 16:42:37
51,2003-04-30 06:34:27,2003-04-30 21:09:26
119,2003-04-30 06:34:45,2003-04-30 07:59:52
106,2003-04-30 06:34:51,2003-04-30 07:02:10
122,2003-04-30 08:36:59,2003-04-30 08:37:05
122,2003-04-30 08:44:58,2003-04-30 17:22:12
108,2003-04-30 11:18:01,2003-04-30 11:18:04
108,2003-04-30 11:18:08,2003-04-30 11:18:49
115,2003-04-30 11:18:14,2003-04-30 11:18:25
74,2003-04-30 11:19:01,2003-04-30 11:19:07
115,2003-04-30 11:20:22,2003-04-30 11:20:34
96,2003-04-30 10:58:32,2003-04-30 11:04:00
115,2003-04-30 10:59:52,2003-04-30 10:59:54
96,2003-04-30 11:04:26,2003-04-30 11:04:48
74,2003-04-30 16:41:46,2003-04-30 16:41:54
94,2003-04-30 16:42:54,2003-04-30 16:43:56
74,2003-04-30 16:41:46,2003-04-30 16:41:54
94,2003-04-30 16:42:54,2003-04-30 16:43:56
139,2003-04-30 06:49:14,2003-04-30 06:49:20
94,2003-04-30 06:49:51,2003-04-30 06:51:01
115,2003-04-30 06:52:24,2003-04-30 06:52:30
77,2003-04-30 07:44:36,2003-04-30 07:48:00
74,2003-04-30 07:45:07,2003-04-30 07:45:12
115,2003-04-30 07:46:23,2003-04-30 07:46:34
74,2003-04-30 07:47:04,2003-04-30 07:47:13
96,2003-04-30 07:54:13,2003-04-30 07:54:37
96,2003-04-30 07:54:38,2003-04-30 07:57:58
115,2003-04-30 07:55:05,2003-04-30 07:55:46
108,2003-04-30 07:55:33,2003-04-30 07:55:41
74,2003-04-30 07:56:52,2003-04-30 07:57:04
96,2003-04-30 07:58:05,2003-04-30 07:58:12
96,2003-04-30 07:58:14,2003-04-30 08:00:45
74,2003-04-30 07:59:03,2003-04-30 07:59:08
53,2003-04-30 07:59:50,2003-04-30 11:18:04
91,2003-04-30 08:04:03,2003-04-30 16:05:06
100,2003-04-30 07:29:11,2003-04-30 07:30:58
74,2003-04-30 21:39:03,2003-04-30 21:39:06
51,2003-04-30 21:40:29,2003-04-30 21:40:34
74,2003-04-30 21:43:25,2003-04-30 21:43:28
53,2003-05-01 11:03:13,2003-05-01 11:43:40
75,2003-05-01 11:03:17,2003-05-01 11:43:41
115,2003-05-01 11:05:39,2003-05-01 11:05:41
115,2003-05-01 11:07:17,2003-05-01 11:07:26
108,2003-05-01 11:08:10,2003-05-01 11:08:27
115,2003-05-01 11:08:41,2003-05-01 11:12:33
84,2003-05-01 11:12:29,2003-05-01 16:21:00
115,2003-05-01 11:13:24,2003-05-01 11:13:39
115,2003-05-01 11:16:35,2003-05-01 11:30:12
96,2003-05-01 11:30:09,2003-05-01 11:30:21
96,2003-05-01 11:31:28,2003-05-01 14:40:20
107,2003-05-01 09:46:27,2003-05-01 14:45:55
64,2003-05-01 09:46:53,2003-05-01 09:47:06
69,2003-05-01 09:51:19,2003-05-01 10:21:15
108,2003-05-01 09:54:58,2003-05-01 09:55:02
115,2003-05-01 09:55:07,2003-05-01 09:55:08
84,2003-05-01 09:57:36,2003-05-01 11:02:43
115,2003-05-01 09:59:56,2003-05-01 10:00:03
122,2003-05-01 10:00:49,2003-05-01 10:14:10
70,2003-05-01 10:03:13,2003-05-01 11:36:16
84,2003-05-01 09:57:36,2003-05-01 11:02:43
115,2003-05-01 09:59:56,2003-05-01 10:00:03
122,2003-05-01 10:00:49,2003-05-01 10:14:10
70,2003-05-01 10:03:13,2003-05-01 11:36:16
138,2003-05-01 16:40:23,2003-05-01 16:40:40
91,2003-05-01 16:41:44,2003-05-01 16:57:02
115,2003-05-01 16:44:22,2003-05-01 16:46:51
74,2003-05-01 16:46:43,2003-05-01 16:46:47
115,2003-05-01 16:47:48,2003-05-01 16:49:40
96,2003-05-01 16:49:53,2003-05-01 17:13:13
74,2003-05-01 16:52:05,2003-05-01 16:52:17
115,2003-05-01 16:55:31,2003-05-01 17:09:20
74,2003-05-01 16:58:42,2003-05-01 16:58:46
108,2003-05-01 17:09:37,2003-05-01 17:09:59
74,2003-05-01 19:27:46,2003-05-01 19:27:49
74,2003-05-01 19:32:23,2003-05-01 19:32:25
100,2003-05-01 19:34:03,2003-05-01 19:34:05
51,2003-05-01 17:36:36,2003-05-01 22:34:27
100,2003-05-01 17:41:16,2003-05-01 17:41:21
94,2003-05-01 17:41:38,2003-05-01 17:42:24
74,2003-05-01 16:03:07,2003-05-01 16:03:17
70,2003-05-01 16:04:41,2003-05-01 16:04:48
115,2003-05-01 16:05:04,2003-05-01 16:05:12
75,2003-05-01 16:05:59,2003-05-01 17:37:21
115,2003-05-01 16:07:26,2003-05-01 16:07:32
115,2003-05-01 16:09:27,2003-05-01 16:09:32
115,2003-05-01 16:14:24,2003-05-01 16:16:16
115,2003-05-01 16:17:10,2003-05-01 16:17:21
79,2003-05-01 16:17:45,2003-05-01 16:18:18
73,2003-05-01 16:17:50,2003-05-01 16:17:54
73,2003-05-01 16:18:09,2003-05-01 16:18:15
89,2003-05-01 16:18:22,2003-05-01 16:18:28
115,2003-05-01 16:19:40,2003-05-01 16:20:39
85,2003-05-01 16:21:51,2003-05-01 16:22:06
115,2003-05-01 16:24:27,2003-05-01 16:24:41
74,2003-05-01 05:52:02,2003-05-01 05:52:07
74,2003-05-01 05:52:55,2003-05-01 05:53:03
51,2003-05-01 05:53:05,2003-05-01 05:54:31
75,2003-05-01 05:55:15,2003-05-01 06:33:48
84,2003-05-01 05:56:49,2003-05-01 08:05:38
74,2003-05-01 05:56:55,2003-05-01 05:57:00
115,2003-05-01 05:58:26,2003-05-01 05:58:28
115,2003-05-01 05:59:17,2003-05-01 06:00:12
74,2003-05-01 06:00:38,2003-05-01 06:00:40
74,2003-05-01 06:05:54,2003-05-01 06:05:57
51,2003-05-01 06:06:00,2003-05-01 17:36:36
115,2003-05-01 06:06:06,2003-05-01 06:07:18
124,2003-05-01 06:06:44,2003-05-01 10:18:57
74,2003-05-01 06:07:11,2003-05-01 06:07:16
75,2003-05-01 07:37:09,2003-05-01 10:13:49
74,2003-05-01 07:37:40,2003-05-01 07:37:52
64,2003-05-01 07:39:40,2003-05-01 07:40:39
91,2003-05-01 07:40:08,2003-05-01 16:41:20
117,2003-05-01 07:40:13,2003-05-01 08:00:27
120,2003-05-01 07:40:17,2003-05-01 08:07:19
138,2003-05-01 07:40:21,2003-05-01 08:05:13
74,2003-05-01 07:40:40,2003-05-01 07:40:44
74,2003-05-01 07:49:52,2003-05-01 07:49:58
115,2003-05-01 07:50:35,2003-05-01 07:50:42
74,2003-05-01 07:51:36,2003-05-01 07:51:43
115,2003-05-01 07:54:09,2003-05-01 07:54:21
108,2003-05-01 07:57:53,2003-05-01 07:59:46
115,2003-05-01 07:59:35,2003-05-01 08:02:43
74,2003-05-01 08:04:36,2003-05-01 08:04:58
84,2003-05-01 08:05:39,2003-05-01 08:07:01
108,2003-05-01 08:06:24,2003-05-01 08:06:25
115,2003-05-01 08:06:42,2003-05-01 08:06:56
115,2003-05-01 08:06:57,2003-05-01 08:07:00
84,2003-05-01 08:07:01,2003-05-01 09:57:35
117,2003-05-01 08:07:19,2003-05-01 08:21:56
120,2003-05-01 08:07:22,2003-05-01 08:07:23
119,2003-05-01 08:07:24,2003-05-01 08:36:04
120,2003-05-01 08:07:24,2003-05-01 08:31:03
70,2003-05-01 08:07:46,2003-05-01 08:22:48
96,2003-05-01 08:09:28,2003-05-01 08:25:03
74,2003-05-01 08:12:04,2003-05-01 08:12:20
97,2003-05-01 08:12:15,2003-05-01 09:00:01
